"sequence","sensor_id","tracker_points","offset","frequency_hz","gamma_re","gamma_im"
"1","1","5","-2","21021524","1.136526","1.89183"
"1","1","5","-1","21070676","1.131858","1.896377"
"1","1","5","0","21119826","1.127618","1.900348"
"1","1","5","1","21168978","1.122706","1.903632"
"1","1","5","2","21218128","1.11722","1.907209"
"1","2","5","-2","24547698","0.682792","2.176785"
"1","2","5","-1","24618768","0.672294","2.182841"
"1","2","5","0","24689838","0.662559","2.188294"
"1","2","5","1","24760908","0.652159","2.192246"
"1","2","5","2","24831976","0.640442","2.196201"
"2","1","5","-2","21023628","1.136305","1.892007"
"2","1","5","-1","21072780","1.131755","1.896508"
"2","1","5","0","21121932","1.127429","1.900458"
"2","1","5","1","21171082","1.122483","1.903809"
"2","1","5","2","21220234","1.116971","1.90737"
"2","2","5","-2","24548360","0.682693","2.176931"
"2","2","5","-1","24619432","0.672192","2.183144"
"2","2","5","0","24690500","0.662488","2.188388"
"2","2","5","1","24761570","0.652088","2.192104"
"2","2","5","2","24832640","0.640385","2.196049"
"3","1","5","-2","21020196","1.136695","1.891705"
"3","1","5","-1","21069346","1.132039","1.896237"
"3","1","5","0","21118498","1.127751","1.90025"
"3","1","5","1","21167648","1.122819","1.903604"
"3","1","5","2","21216800","1.117332","1.907145"
"3","2","5","-2","24544402","0.68334","2.176693"
"3","2","5","-1","24615472","0.672774","2.18264"
"3","2","5","0","24686540","0.663011","2.187963"
"3","2","5","1","24757612","0.652658","2.191882"
"3","2","5","2","24828680","0.64101","2.195832"
"4","1","5","-2","21023176","1.136374","1.89197"
"4","1","5","-1","21072328","1.131705","1.896539"
"4","1","5","0","21121478","1.127372","1.90047"
"4","1","5","1","21170630","1.122493","1.903774"
"4","1","5","2","21219780","1.117056","1.907327"
"4","2","5","-2","24547002","0.682903","2.176793"
"4","2","5","-1","24618072","0.672401","2.182807"
"4","2","5","0","24689140","0.662667","2.188104"
"4","2","5","1","24760212","0.652275","2.192136"
"4","2","5","2","24831280","0.640563","2.196221"
"5","1","5","-2","21027722","1.135875","1.892393"
"5","1","5","-1","21076874","1.131378","1.896874"
"5","1","5","0","21126024","1.127051","1.900712"
"5","1","5","1","21175176","1.12204","1.904078"
"5","1","5","2","21224328","1.116517","1.907696"
"5","2","5","-2","24543276","0.683507","2.176471"
"5","2","5","-1","24614348","0.672899","2.182745"
"5","2","5","0","24685416","0.663202","2.188092"
"5","2","5","1","24756486","0.652895","2.191862"
"5","2","5","2","24827556","0.641211","2.195768"
"6","1","5","-2","21015940","1.137121","1.891291"
"6","1","5","-1","21065092","1.132421","1.895838"
"6","1","5","0","21114244","1.128113","1.899921"
"6","1","5","1","21163396","1.123282","1.903286"
"6","1","5","2","21212548","1.117783","1.906815"
"6","2","5","-2","24547704","0.682814","2.176976"
"6","2","5","-1","24618776","0.672314","2.18285"
"6","2","5","0","24689844","0.662575","2.188155"
"6","2","5","1","24760914","0.652106","2.192026"
"6","2","5","2","24831984","0.640416","2.195997"
"7","1","5","-2","21025422","1.136159","1.89219"
"7","1","5","-1","21074574","1.131515","1.896701"
"7","1","5","0","21123724","1.127195","1.900589"
"7","1","5","1","21172876","1.122259","1.903931"
"7","1","5","2","21222028","1.116769","1.907563"
"7","2","5","-2","24543542","0.683466","2.176464"
"7","2","5","-1","24614612","0.672861","2.182509"
"7","2","5","0","24685680","0.663095","2.187892"
"7","2","5","1","24756752","0.652789","2.19183"
"7","2","5","2","24827820","0.641139","2.19596"
"8","1","5","-2","21022412","1.136395","1.891925"
"8","1","5","-1","21071564","1.131809","1.896436"
"8","1","5","0","21120714","1.127538","1.900358"
"8","1","5","1","21169866","1.122653","1.903719"
"8","1","5","2","21219016","1.117106","1.90729"
"8","2","5","-2","24546716","0.682941","2.176727"
"8","2","5","-1","24617784","0.672388","2.182858"
"8","2","5","0","24688854","0.662699","2.188308"
"8","2","5","1","24759924","0.652327","2.19208"
"8","2","5","2","24830994","0.640575","2.196045"
"9","1","5","-2","21019984","1.136723","1.891665"
"9","1","5","-1","21069136","1.132054","1.896206"
"9","1","5","0","21118288","1.127761","1.900207"
"9","1","5","1","21167440","1.122863","1.903536"
"9","1","5","2","21216590","1.117347","1.907109"
"9","2","5","-2","24547268","0.682825","2.17697"
"9","2","5","-1","24618336","0.672343","2.183042"
"9","2","5","0","24689406","0.662652","2.188159"
"9","2","5","1","24760476","0.652197","2.192017"
"9","2","5","2","24831546","0.64047","2.196008"
"10","1","5","-2","21023026","1.136404","1.891948"
"10","1","5","-1","21072176","1.131783","1.896443"
"10","1","5","0","21121328","1.127421","1.900438"
"10","1","5","1","21170480","1.122506","1.903749"
"10","1","5","2","21219632","1.117028","1.907352"
"10","2","5","-2","24538110","0.684303","2.175981"
"10","2","5","-1","24609180","0.673649","2.182046"
"10","2","5","0","24680250","0.663833","2.187562"
"10","2","5","1","24751320","0.653646","2.191502"
"10","2","5","2","24822388","0.642035","2.195547"
"11","1","5","-2","21023780","1.136279","1.89205"
"11","1","5","-1","21072932","1.131653","1.896586"
"11","1","5","0","21122084","1.127382","1.9005"
"11","1","5","1","21171236","1.122502","1.9038"
"11","1","5","2","21220388","1.116966","1.907381"
"11","2","5","-2","24550694","0.682378","2.177018"
"11","2","5","-1","24621764","0.671799","2.183115"
"11","2","5","0","24692832","0.662163","2.188485"
"11","2","5","1","24763904","0.651678","2.192397"
"11","2","5","2","24834972","0.639949","2.196372"
"12","1","5","-2","21023152","1.136417","1.891969"
"12","1","5","-1","21072302","1.131803","1.896469"
"12","1","5","0","21121454","1.127482","1.900415"
"12","1","5","1","21170604","1.122539","1.903727"
"12","1","5","2","21219756","1.117025","1.907366"
"12","2","5","-2","24548144","0.68271","2.177032"
"12","2","5","-1","24619214","0.672181","2.183113"
"12","2","5","0","24690284","0.662528","2.188265"
"12","2","5","1","24761352","0.652081","2.192061"
"12","2","5","2","24832424","0.640349","2.19606"
"13","1","5","-2","21019808","1.136704","1.891635"
"13","1","5","-1","21068960","1.132073","1.896162"
"13","1","5","0","21118112","1.127721","1.900204"
"13","1","5","1","21167264","1.122851","1.903545"
"13","1","5","2","21216414","1.117382","1.907143"
"13","2","5","-2","24540112","0.683966","2.176204"
"13","2","5","-1","24611184","0.673385","2.182166"
"13","2","5","0","24682252","0.663585","2.187697"
"13","2","5","1","24753322","0.653329","2.191614"
"13","2","5","2","24824392","0.641694","2.195604"
"14","1","5","-2","21023884","1.136276","1.892069"
"14","1","5","-1","21073036","1.131642","1.896571"
"14","1","5","0","21122188","1.127373","1.900492"
"14","1","5","1","21171340","1.12252","1.903771"
"14","1","5","2","21220492","1.116957","1.907357"
"14","2","5","-2","24549288","0.682566","2.176891"
"14","2","5","-1","24620360","0.672052","2.182995"
"14","2","5","0","24691428","0.662355","2.188237"
"14","2","5","1","24762498","0.651901","2.19225"
"14","2","5","2","24833568","0.640194","2.196342"
"15","1","5","-2","21023368","1.136359","1.891991"
"15","1","5","-1","21072520","1.131756","1.896507"
"15","1","5","0","21121672","1.1275","1.900434"
"15","1","5","1","21170822","1.122546","1.903743"
"15","1","5","2","21219974","1.117016","1.907376"
"15","2","5","-2","24543112","0.683428","2.176216"
"15","2","5","-1","24614184","0.672935","2.182584"
"15","2","5","0","24685252","0.663181","2.188047"
"15","2","5","1","24756322","0.652895","2.191956"
"15","2","5","2","24827392","0.641256","2.195702"
"16","1","5","-2","21018476","1.136887","1.891485"
"16","1","5","-1","21067628","1.13221","1.896052"
"16","1","5","0","21116780","1.127901","1.900083"
"16","1","5","1","21165932","1.123059","1.903425"
"16","1","5","2","21215082","1.117498","1.907019"
"16","2","5","-2","24552272","0.68211","2.177384"
"16","2","5","-1","24623342","0.67169","2.183321"
"16","2","5","0","24694412","0.661978","2.188425"
"16","2","5","1","24765482","0.651457","2.192221"
"16","2","5","2","24836552","0.639648","2.196324"
"17","1","5","-2","21023208","1.136404","1.891984"
"17","1","5","-1","21072360","1.131749","1.896525"
"17","1","5","0","21121512","1.127395","1.90045"
"17","1","5","1","21170664","1.122484","1.903791"
"17","1","5","2","21219816","1.117033","1.907318"
"17","2","5","-2","24535800","0.684649","2.175762"
"17","2","5","-1","24606870","0.673983","2.181863"
"17","2","5","0","24677940","0.664177","2.18736"
"17","2","5","1","24749010","0.653962","2.191431"
"17","2","5","2","24820080","0.64241","2.195363"
"18","1","5","-2","21026260","1.136047","1.89227"
"18","1","5","-1","21075412","1.131437","1.896777"
"18","1","5","0","21124562","1.127152","1.900646"
"18","1","5","1","21173714","1.122209","1.903964"
"18","1","5","2","21222864","1.116671","1.907605"
"18","2","5","-2","24551440","0.682209","2.177137"
"18","2","5","-1","24622512","0.671728","2.183181"
"18","2","5","0","24693580","0.662006","2.188473"
"18","2","5","1","24764652","0.651561","2.192414"
"18","2","5","2","24835720","0.639772","2.196429"
"19","1","5","-2","21020196","1.136667","1.891689"
"19","1","5","-1","21069348","1.132092","1.896205"
"19","1","5","0","21118500","1.127696","1.900198"
"19","1","5","1","21167650","1.122856","1.903547"
"19","1","5","2","21216802","1.117365","1.907106"
"19","2","5","-2","24544844","0.683217","2.17664"
"19","2","5","-1","24615912","0.672685","2.182837"
"19","2","5","0","24686984","0.66296","2.188152"
"19","2","5","1","24758052","0.652651","2.191857"
"19","2","5","2","24829122","0.640926","2.195879"
"20","1","5","-2","21022886","1.136415","1.891949"
"20","1","5","-1","21072036","1.131788","1.896441"
"20","1","5","0","21121188","1.127499","1.900364"
"20","1","5","1","21170340","1.122517","1.903793"
"20","1","5","2","21219492","1.116978","1.907344"
"20","2","5","-2","24543572","0.683427","2.17655"
"20","2","5","-1","24614642","0.672882","2.182534"
"20","2","5","0","24685712","0.663137","2.187897"
"20","2","5","1","24756782","0.652774","2.191835"
"20","2","5","2","24827852","0.641111","2.195779"
"21","1","5","-2","21019224","1.136755","1.891555"
"21","1","5","-1","21068376","1.132057","1.896137"
"21","1","5","0","21117528","1.127745","1.900182"
"21","1","5","1","21166680","1.122966","1.903514"
"21","1","5","2","21215830","1.117502","1.907012"
"21","2","5","-2","24545812","0.683089","2.176683"
"21","2","5","-1","24616884","0.672542","2.182714"
"21","2","5","0","24687952","0.662772","2.188049"
"21","2","5","1","24759024","0.652435","2.192078"
"21","2","5","2","24830092","0.640717","2.196141"
"22","1","5","-2","21031274","1.135552","1.892737"
"22","1","5","-1","21080424","1.131071","1.897189"
"22","1","5","0","21129576","1.126748","1.900948"
"22","1","5","1","21178728","1.121673","1.904301"
"22","1","5","2","21227880","1.116112","1.907946"
"22","2","5","-2","24546000","0.683088","2.176687"
"22","2","5","-1","24617068","0.672517","2.182937"
"22","2","5","0","24688140","0.662796","2.188221"
"22","2","5","1","24759208","0.652424","2.192037"
"22","2","5","2","24830280","0.640747","2.195933"
"23","1","5","-2","21013414","1.137396","1.89106"
"23","1","5","-1","21062564","1.132653","1.895609"
"23","1","5","0","21111716","1.12836","1.899697"
"23","1","5","1","21160868","1.123576","1.903088"
"23","1","5","2","21210020","1.118095","1.906618"
"23","2","5","-2","24547524","0.682818","2.176955"
"23","2","5","-1","24618594","0.672321","2.182883"
"23","2","5","0","24689664","0.662635","2.188109"
"23","2","5","1","24760734","0.652151","2.192023"
"23","2","5","2","24831804","0.640458","2.195987"
"24","1","5","-2","21025840","1.136118","1.892179"
"24","1","5","-1","21074992","1.131481","1.896738"
"24","1","5","0","21124144","1.127164","1.900625"
"24","1","5","1","21173296","1.122212","1.903978"
"24","1","5","2","21222448","1.116738","1.90753"
"24","2","5","-2","24541218","0.683785","2.17628"
"24","2","5","-1","24612288","0.673198","2.182273"
"24","2","5","0","24683356","0.663427","2.187753"
"24","2","5","1","24754428","0.653166","2.191738"
"24","2","5","2","24825496","0.641518","2.195828"
"25","1","5","-2","21025092","1.136149","1.892163"
"25","1","5","-1","21074242","1.131575","1.896672"
"25","1","5","0","21123394","1.127323","1.900545"
"25","1","5","1","21172544","1.122373","1.903856"
"25","1","5","2","21221696","1.116816","1.907454"
"25","2","5","-2","24547602","0.682813","2.176766"
"25","2","5","-1","24618672","0.672269","2.182972"
"25","2","5","0","24689740","0.662609","2.188353"
"25","2","5","1","24760812","0.652156","2.19218"
"25","2","5","2","24831880","0.64048","2.196058"
"26","1","5","-2","21018304","1.136887","1.891507"
"26","1","5","-1","21067456","1.132209","1.896014"
"26","1","5","0","21116606","1.127903","1.900078"
"26","1","5","1","21165758","1.123085","1.903422"
"26","1","5","2","21214908","1.117531","1.90699"
"26","2","5","-2","24547892","0.682768","2.177007"
"26","2","5","-1","24618964","0.672271","2.183012"
"26","2","5","0","24690032","0.662552","2.188154"
"26","2","5","1","24761104","0.652102","2.19206"
"26","2","5","2","24832172","0.640376","2.196003"
"27","1","5","-2","21024484","1.136258","1.892071"
"27","1","5","-1","21073636","1.13162","1.896628"
"27","1","5","0","21122788","1.127276","1.90055"
"27","1","5","1","21171940","1.122338","1.903894"
"27","1","5","2","21221092","1.116825","1.907483"
"27","2","5","-2","24541008","0.683827","2.176244"
"27","2","5","-1","24612078","0.673248","2.182303"
"27","2","5","0","24683148","0.663437","2.187728"
"27","2","5","1","24754216","0.653187","2.191661"
"27","2","5","2","24825288","0.641493","2.195737"
"28","1","5","-2","21023616","1.136255","1.892045"
"28","1","5","-1","21072766","1.131693","1.896549"
"28","1","5","0","21121918","1.127409","1.900461"
"28","1","5","1","21171068","1.122519","1.903747"
"28","1","5","2","21220220","1.116974","1.907343"
"28","2","5","-2","24546044","0.683086","2.176647"
"28","2","5","-1","24617112","0.672475","2.182751"
"28","2","5","0","24688184","0.6628","2.188248"
"28","2","5","1","24759252","0.652367","2.192118"
"28","2","5","2","24830322","0.640712","2.196066"
"29","1","5","-2","21019692","1.136761","1.891609"
"29","1","5","-1","21068844","1.13213","1.896146"
"29","1","5","0","21117994","1.127816","1.90018"
"29","1","5","1","21167146","1.122943","1.903524"
"29","1","5","2","21216296","1.117411","1.907068"
"29","2","5","-2","24550196","0.68241","2.177215"
"29","2","5","-1","24621268","0.671907","2.183267"
"29","2","5","0","24692336","0.662256","2.188359"
"29","2","5","1","24763406","0.651808","2.192164"
"29","2","5","2","24834476","0.640017","2.196145"
"30","1","5","-2","21023540","1.136363","1.891997"
"30","1","5","-1","21072692","1.13175","1.896518"
"30","1","5","0","21121842","1.127392","1.900473"
"30","1","5","1","21170994","1.12246","1.903814"
"30","1","5","2","21220144","1.116953","1.907383"
"30","2","5","-2","24539364","0.6841","2.176113"
"30","2","5","-1","24610436","0.673499","2.182133"
"30","2","5","0","24681504","0.663681","2.187618"
"30","2","5","1","24752574","0.653443","2.191543"
"30","2","5","2","24823644","0.641833","2.195567"
"31","1","5","-2","21023076","1.136359","1.891959"
"31","1","5","-1","21072228","1.131749","1.896521"
"31","1","5","0","21121380","1.127466","1.900425"
"31","1","5","1","21170532","1.122573","1.903705"
"31","1","5","2","21219684","1.117044","1.907317"
"31","2","5","-2","24549000","0.682601","2.176882"
"31","2","5","-1","24620070","0.672076","2.182967"
"31","2","5","0","24691140","0.66242","2.188359"
"31","2","5","1","24762210","0.651923","2.192307"
"31","2","5","2","24833280","0.640218","2.196246"
"32","1","5","-2","21021128","1.136603","1.891764"
"32","1","5","-1","21070280","1.131992","1.896296"
"32","1","5","0","21119432","1.127683","1.90027"
"32","1","5","1","21168584","1.122756","1.903616"
"32","1","5","2","21217734","1.117273","1.907166"
"32","2","5","-2","24546604","0.682981","2.176864"
"32","2","5","-1","24617676","0.672461","2.182992"
"32","2","5","0","24688744","0.662764","2.188168"
"32","2","5","1","24759814","0.652326","2.191942"
"32","2","5","2","24830884","0.640648","2.195942"
"33","1","5","-2","21021892","1.136542","1.891817"
"33","1","5","-1","21071044","1.131932","1.896345"
"33","1","5","0","21120196","1.127575","1.900338"
"33","1","5","1","21169346","1.122654","1.90368"
"33","1","5","2","21218498","1.117117","1.907264"
"33","2","5","-2","24540676","0.683905","2.176286"
"33","2","5","-1","24611746","0.673345","2.182248"
"33","2","5","0","24682816","0.663501","2.187741"
"33","2","5","1","24753886","0.653255","2.191652"
"33","2","5","2","24824956","0.641627","2.195602"
"34","1","5","-2","21021786","1.136535","1.891822"
"34","1","5","-1","21070936","1.131852","1.896376"
"34","1","5","0","21120088","1.127549","1.900315"
"34","1","5","1","21169240","1.122722","1.903651"
"34","1","5","2","21218392","1.11719","1.90724"
"34","2","5","-2","24550120","0.682422","2.177005"
"34","2","5","-1","24621188","0.671929","2.183101"
"34","2","5","0","24692260","0.662213","2.188347"
"34","2","5","1","24763328","0.651765","2.192345"
"34","2","5","2","24834400","0.640034","2.196368"
"35","1","5","-2","21025284","1.136186","1.892164"
"35","1","5","-1","21074436","1.131619","1.896663"
"35","1","5","0","21123588","1.127303","1.900564"
"35","1","5","1","21172740","1.122337","1.903885"
"35","1","5","2","21221892","1.116836","1.90748"
"35","2","5","-2","24544368","0.68331","2.1766"
"35","2","5","-1","24615436","0.672797","2.18279"
"35","2","5","0","24686506","0.663071","2.188116"
"35","2","5","1","24757576","0.652705","2.19191"
"35","2","5","2","24828646","0.641046","2.195819"
"36","1","5","-2","21019924","1.136759","1.891643"
"36","1","5","-1","21069076","1.132085","1.896185"
"36","1","5","0","21118228","1.127756","1.900145"
"36","1","5","1","21167380","1.122869","1.903501"
"36","1","5","2","21216530","1.117381","1.907098"
"36","2","5","-2","24545170","0.683222","2.176738"
"36","2","5","-1","24616240","0.672699","2.182653"
"36","2","5","0","24687308","0.66291","2.187992"
"36","2","5","1","24758380","0.652556","2.191878"
"36","2","5","2","24829448","0.640821","2.195877"
"37","1","5","-2","21022484","1.136466","1.891896"
"37","1","5","-1","21071636","1.131785","1.896397"
"37","1","5","0","21120788","1.127501","1.900386"
"37","1","5","1","21169940","1.122662","1.903712"
"37","1","5","2","21219090","1.117153","1.907261"
"37","2","5","-2","24544298","0.683349","2.176516"
"37","2","5","-1","24615368","0.672765","2.182597"
"37","2","5","0","24686436","0.663033","2.187903"
"37","2","5","1","24757508","0.652685","2.19201"
"37","2","5","2","24828576","0.641022","2.195997"
"38","1","5","-2","21027414","1.135949","1.892397"
"38","1","5","-1","21076566","1.131409","1.896892"
"38","1","5","0","21125716","1.127122","1.900705"
"38","1","5","1","21174868","1.122109","1.904022"
"38","1","5","2","21224020","1.11659","1.907667"
"38","2","5","-2","24547138","0.682906","2.176735"
"38","2","5","-1","24618208","0.672427","2.182877"
"38","2","5","0","24689276","0.662656","2.188327"
"38","2","5","1","24760348","0.652264","2.192218"
"38","2","5","2","24831416","0.64059","2.196012"
"39","1","5","-2","21015784","1.13717","1.891254"
"39","1","5","-1","21064934","1.132481","1.89581"
"39","1","5","0","21114086","1.128156","1.899858"
"39","1","5","1","21163236","1.123392","1.903234"
"39","1","5","2","21212388","1.117864","1.906802"
"39","2","5","-2","24551284","0.682282","2.177298"
"39","2","5","-1","24622352","0.671846","2.183316"
"39","2","5","0","24693424","0.662126","2.188409"
"39","2","5","1","24764492","0.651624","2.192207"
"39","2","5","2","24835562","0.63985","2.196264"
"40","1","5","-2","21024678","1.136289","1.892093"
"40","1","5","-1","21073828","1.131653","1.896625"
"40","1","5","0","21122980","1.127281","1.900533"
"40","1","5","1","21172132","1.122365","1.903854"
"40","1","5","2","21221284","1.116872","1.907476"
"40","2","5","-2","24537232","0.684439","2.175907"
"40","2","5","-1","24608302","0.673775","2.182014"
"40","2","5","0","24679372","0.66401","2.187489"
"40","2","5","1","24750440","0.653716","2.191505"
"40","2","5","2","24821512","0.642159","2.195523"
"41","1","5","-2","21023500","1.13631","1.892013"
"41","1","5","-1","21072652","1.131695","1.896569"
"41","1","5","0","21121804","1.127469","1.900465"
"41","1","5","1","21170956","1.12256","1.90375"
"41","1","5","2","21220108","1.117011","1.907339"
"41","2","5","-2","24548314","0.68266","2.176857"
"41","2","5","-1","24619384","0.672195","2.182944"
"41","2","5","0","24690452","0.66246","2.188432"
"41","2","5","1","24761524","0.652048","2.192283"
"41","2","5","2","24832592","0.640373","2.196162"
"42","1","5","-2","21020776","1.136672","1.891724"
"42","1","5","-1","21069928","1.132032","1.896285"
"42","1","5","0","21119080","1.127692","1.900249"
"42","1","5","1","21168232","1.122825","1.903611"
"42","1","5","2","21217384","1.117272","1.907177"
"42","2","5","-2","24550152","0.682405","2.177236"
"42","2","5","-1","24621220","0.671924","2.183253"
"42","2","5","0","24692292","0.662243","2.188386"
"42","2","5","1","24763360","0.651769","2.192142"
"42","2","5","2","24834430","0.639997","2.196227"
"43","1","5","-2","21022884","1.136451","1.891947"
"43","1","5","-1","21072036","1.131839","1.896455"
"43","1","5","0","21121188","1.127522","1.900423"
"43","1","5","1","21170340","1.122526","1.903745"
"43","1","5","2","21219490","1.117","1.907345"
"43","2","5","-2","24537600","0.68438","2.176012"
"43","2","5","-1","24608670","0.673718","2.182029"
"43","2","5","0","24679740","0.663905","2.187524"
"43","2","5","1","24750808","0.653691","2.191514"
"43","2","5","2","24821880","0.642094","2.195435"
"44","1","5","-2","21019364","1.136757","1.891606"
"44","1","5","-1","21068514","1.132055","1.896184"
"44","1","5","0","21117666","1.127773","1.900167"
"44","1","5","1","21166816","1.122979","1.90346"
"44","1","5","2","21215968","1.117476","1.907029"
"44","2","5","-2","24551848","0.682158","2.177175"
"44","2","5","-1","24622916","0.67168","2.183199"
"44","2","5","0","24693986","0.661942","2.188446"
"44","2","5","1","24765056","0.651481","2.192417"
"44","2","5","2","24836126","0.63971","2.196516"
"45","1","5","-2","21026890","1.136001","1.892313"
"45","1","5","-1","21076042","1.131503","1.896783"
"45","1","5","0","21125192","1.127145","1.900642"
"45","1","5","1","21174344","1.122173","1.904037"
"45","1","5","2","21223496","1.116617","1.907641"
"45","2","5","-2","24543256","0.683472","2.176494"
"45","2","5","-1","24614328","0.672875","2.182714"
"45","2","5","0","24685396","0.663181","2.188075"
"45","2","5","1","24756468","0.652875","2.191848"
"45","2","5","2","24827536","0.641184","2.195773"
"46","1","5","-2","21016520","1.137062","1.891353"
"46","1","5","-1","21065672","1.132376","1.89589"
"46","1","5","0","21114824","1.128078","1.899949"
"46","1","5","1","21163974","1.12322","1.903329"
"46","1","5","2","21213126","1.117757","1.906874"
"46","2","5","-2","24547054","0.682932","2.176889"
"46","2","5","-1","24618124","0.672392","2.182853"
"46","2","5","0","24689194","0.662695","2.188084"
"46","2","5","1","24760264","0.65221","2.191994"
"46","2","5","2","24831332","0.640524","2.195954"
"47","1","5","-2","21024142","1.13631","1.892074"
"47","1","5","-1","21073292","1.13163","1.896571"
"47","1","5","0","21122444","1.127327","1.900512"
"47","1","5","1","21171596","1.122446","1.903806"
"47","1","5","2","21220748","1.116976","1.907392"
"47","2","5","-2","24542378","0.68359","2.17637"
"47","2","5","-1","24613448","0.673006","2.182398"
"47","2","5","0","24684518","0.663288","2.187818"
"47","2","5","1","24755588","0.652942","2.191845"
"47","2","5","2","24826656","0.641336","2.195917"
"48","1","5","-2","21026596","1.135996","1.892289"
"48","1","5","-1","21075748","1.131457","1.896821"
"48","1","5","0","21124900","1.127151","1.900685"
"48","1","5","1","21174052","1.122186","1.904009"
"48","1","5","2","21223204","1.116652","1.907589"
"48","2","5","-2","24546420","0.683006","2.176687"
"48","2","5","-1","24617492","0.672451","2.182892"
"48","2","5","0","24688560","0.662736","2.188251"
"48","2","5","1","24759632","0.652353","2.192147"
"48","2","5","2","24830700","0.640671","2.196017"
"49","1","5","-2","21019612","1.13678","1.89162"
"49","1","5","-1","21068762","1.132109","1.896169"
"49","1","5","0","21117914","1.127794","1.900176"
"49","1","5","1","21167064","1.122927","1.903496"
"49","1","5","2","21216216","1.117384","1.907065"
"49","2","5","-2","24549180","0.682543","2.177118"
"49","2","5","-1","24620252","0.672057","2.183158"
"49","2","5","0","24691320","0.662377","2.188241"
"49","2","5","1","24762390","0.651904","2.192124"
"49","2","5","2","24833460","0.640159","2.196105"
"50","1","5","-2","21023660","1.136353","1.892006"
"50","1","5","-1","21072810","1.131739","1.896533"
"50","1","5","0","21121962","1.127339","1.900468"
"50","1","5","1","21171112","1.122445","1.903792"
"50","1","5","2","21220264","1.116966","1.907434"
"50","2","5","-2","24538800","0.684152","2.176073"
"50","2","5","-1","24609872","0.673563","2.182128"
"50","2","5","0","24680940","0.663744","2.187603"
"50","2","5","1","24752010","0.653501","2.191569"
"50","2","5","2","24823080","0.641894","2.195656"
"51","1","5","-2","21022956","1.136371","1.891949"
"51","1","5","-1","21072106","1.131724","1.896518"
"51","1","5","0","21121258","1.127475","1.900399"
"51","1","5","1","21170408","1.12261","1.903741"
"51","1","5","2","21219560","1.117072","1.907332"
"51","2","5","-2","24547110","0.682847","2.176745"
"51","2","5","-1","24618180","0.672343","2.18283"
"51","2","5","0","24689248","0.662672","2.188272"
"51","2","5","1","24760320","0.652194","2.192233"
"51","2","5","2","24831388","0.640518","2.196155"
"52","1","5","-2","21022324","1.136507","1.891872"
"52","1","5","-1","21071476","1.131902","1.896379"
"52","1","5","0","21120628","1.127557","1.900388"
"52","1","5","1","21169780","1.122671","1.903688"
"52","1","5","2","21218932","1.117151","1.907251"
"52","2","5","-2","24546672","0.682919","2.176925"
"52","2","5","-1","24617744","0.672439","2.182984"
"52","2","5","0","24688812","0.662719","2.188181"
"52","2","5","1","24759882","0.652315","2.192019"
"52","2","5","2","24830952","0.640625","2.195962"
"53","1","5","-2","21024044","1.136325","1.892018"
"53","1","5","-1","21073196","1.131731","1.896513"
"53","1","5","0","21122348","1.127363","1.900473"
"53","1","5","1","21171500","1.122419","1.903851"
"53","1","5","2","21220650","1.116887","1.907439"
"53","2","5","-2","24541926","0.683716","2.176355"
"53","2","5","-1","24612996","0.67311","2.182382"
"53","2","5","0","24684066","0.663334","2.187816"
"53","2","5","1","24755136","0.653038","2.191693"
"53","2","5","2","24826204","0.64134","2.195703"
"54","1","5","-2","21021420","1.136548","1.891804"
"54","1","5","-1","21070572","1.131888","1.896342"
"54","1","5","0","21119724","1.127587","1.900333"
"54","1","5","1","21168874","1.122784","1.903641"
"54","1","5","2","21218026","1.117251","1.907187"
"54","2","5","-2","24547072","0.682883","2.176714"
"54","2","5","-1","24618140","0.672311","2.182846"
"54","2","5","0","24689212","0.662616","2.18821"
"54","2","5","1","24760280","0.652236","2.192212"
"54","2","5","2","24831352","0.640498","2.196206"
"55","1","5","-2","21027160","1.135994","1.892349"
"55","1","5","-1","21076312","1.131449","1.896841"
"55","1","5","0","21125464","1.127103","1.900688"
"55","1","5","1","21174616","1.122096","1.903997"
"55","1","5","2","21223766","1.116567","1.907664"
"55","2","5","-2","24547388","0.682789","2.176904"
"55","2","5","-1","24618458","0.672316","2.183031"
"55","2","5","0","24689528","0.662603","2.188295"
"55","2","5","1","24760598","0.652207","2.192044"
"55","2","5","2","24831668","0.64049","2.196005"
"56","1","5","-2","21016396","1.137063","1.891317"
"56","1","5","-1","21065548","1.132404","1.895863"
"56","1","5","0","21114700","1.128092","1.899936"
"56","1","5","1","21163852","1.123216","1.903328"
"56","1","5","2","21213004","1.117729","1.906856"
"56","2","5","-2","24542668","0.683531","2.176491"
"56","2","5","-1","24613736","0.672976","2.182456"
"56","2","5","0","24684808","0.663217","2.18788"
"56","2","5","1","24755876","0.652929","2.191798"
"56","2","5","2","24826946","0.641226","2.195748"
"57","1","5","-2","21023184","1.136384","1.891976"
"57","1","5","-1","21072334","1.13171","1.8965"
"57","1","5","0","21121486","1.127415","1.900463"
"57","1","5","1","21170636","1.122552","1.903763"
"57","1","5","2","21219788","1.117041","1.907325"
"57","2","5","-2","24547140","0.682873","2.176735"
"57","2","5","-1","24618210","0.672324","2.182859"
"57","2","5","0","24689280","0.662602","2.188106"
"57","2","5","1","24760350","0.652157","2.19217"
"57","2","5","2","24831420","0.64049","2.196231"
"58","1","5","-2","21026656","1.136027","1.892308"
"58","1","5","-1","21075808","1.1315","1.896804"
"58","1","5","0","21124960","1.127169","1.900632"
"58","1","5","1","21174110","1.122169","1.903965"
"58","1","5","2","21223262","1.116642","1.907618"
"58","2","5","-2","24544116","0.683299","2.176557"
"58","2","5","-1","24615184","0.672732","2.182803"
"58","2","5","0","24686256","0.663","2.188108"
"58","2","5","1","24757324","0.652686","2.191947"
"58","2","5","2","24828396","0.641047","2.195787"
"59","1","5","-2","21015302","1.137187","1.891197"
"59","1","5","-1","21064452","1.132487","1.895777"
"59","1","5","0","21113604","1.128145","1.899864"
"59","1","5","1","21162756","1.123362","1.903232"
"59","1","5","2","21211908","1.117845","1.906796"
"59","2","5","-2","24549178","0.682563","2.177125"
"59","2","5","-1","24620248","0.672079","2.182973"
"59","2","5","0","24691318","0.662322","2.188259"
"59","2","5","1","24762388","0.651903","2.192101"
"59","2","5","2","24833456","0.640098","2.196128"
"60","1","5","-2","21025758","1.136172","1.8922"
"60","1","5","-1","21074908","1.131496","1.896734"
"60","1","5","0","21124060","1.127167","1.900638"
"60","1","5","1","21173212","1.122255","1.903948"
"60","1","5","2","21222364","1.116745","1.907527"
"60","2","5","-2","24542088","0.683633","2.176299"
"60","2","5","-1","24613156","0.673023","2.182421"
"60","2","5","0","24684226","0.663279","2.187798"
"60","2","5","1","24755296","0.652989","2.191804"
"60","2","5","2","24826366","0.641345","2.195902"
"61","1","5","-2","21026368","1.136034","1.892287"
"61","1","5","-1","21075520","1.131462","1.896755"
"61","1","5","0","21124670","1.127203","1.900612"
"61","1","5","1","21173822","1.122203","1.903953"
"61","1","5","2","21222972","1.116675","1.9076"
"61","2","5","-2","24546536","0.682901","2.176722"
"61","2","5","-1","24617608","0.672403","2.182908"
"61","2","5","0","24688676","0.662655","2.188303"
"61","2","5","1","24759746","0.652307","2.192149"
"61","2","5","2","24830816","0.640671","2.195947"
"62","1","5","-2","21016344","1.137077","1.891331"
"62","1","5","-1","21065496","1.132405","1.895884"
"62","1","5","0","21114648","1.128078","1.899956"
"62","1","5","1","21163798","1.123282","1.90331"
"62","1","5","2","21212950","1.117742","1.906858"
"62","2","5","-2","24551492","0.682188","2.177316"
"62","2","5","-1","24622560","0.67172","2.183353"
"62","2","5","0","24693630","0.662012","2.188403"
"62","2","5","1","24764700","0.651558","2.192226"
"62","2","5","2","24835770","0.639726","2.196286"
"63","1","5","-2","21024694","1.136249","1.89213"
"63","1","5","-1","21073846","1.131601","1.896633"
"63","1","5","0","21122996","1.127251","1.900547"
"63","1","5","1","21172148","1.122308","1.90387"
"63","1","5","2","21221300","1.116801","1.907453"
"63","2","5","-2","24537366","0.684373","2.175907"
"63","2","5","-1","24608436","0.673774","2.182057"
"63","2","5","0","24679506","0.663921","2.187492"
"63","2","5","1","24750576","0.653715","2.191491"
"63","2","5","2","24821644","0.64217","2.195493"
"64","1","5","-2","21023432","1.136311","1.891985"
"64","1","5","-1","21072582","1.131661","1.896501"
"64","1","5","0","21121734","1.127454","1.900471"
"64","1","5","1","21170884","1.122539","1.903733"
"64","1","5","2","21220036","1.117025","1.907397"
"64","2","5","-2","24549568","0.682448","2.176974"
"64","2","5","-1","24620636","0.67197","2.183029"
"64","2","5","0","24691706","0.662248","2.188475"
"64","2","5","1","24762776","0.651818","2.192328"
"64","2","5","2","24833846","0.640132","2.196272"
"65","1","5","-2","21021588","1.136549","1.891839"
"65","1","5","-1","21070740","1.131956","1.896327"
"65","1","5","0","21119892","1.127609","1.9003"
"65","1","5","1","21169042","1.122725","1.903666"
"65","1","5","2","21218194","1.117163","1.907236"
"65","2","5","-2","24549032","0.682552","2.177119"
"65","2","5","-1","24620100","0.672064","2.18317"
"65","2","5","0","24691170","0.662376","2.188337"
"65","2","5","1","24762240","0.651941","2.192074"
"65","2","5","2","24833310","0.640165","2.19614"
"66","1","5","-2","21020688","1.136669","1.891731"
"66","1","5","-1","21069840","1.132015","1.896256"
"66","1","5","0","21118992","1.127662","1.900237"
"66","1","5","1","21168144","1.122759","1.903622"
"66","1","5","2","21217296","1.117239","1.907179"
"66","2","5","-2","24538492","0.684184","2.176041"
"66","2","5","-1","24609564","0.673569","2.182128"
"66","2","5","0","24680632","0.663786","2.187591"
"66","2","5","1","24751702","0.653508","2.191558"
"66","2","5","2","24822772","0.641963","2.19548"
"67","1","5","-2","21022936","1.136356","1.89196"
"67","1","5","-1","21072088","1.131734","1.896485"
"67","1","5","0","21121238","1.127448","1.900402"
"67","1","5","1","21170390","1.122612","1.903723"
"67","1","5","2","21219540","1.117072","1.907303"
"67","2","5","-2","24550124","0.682391","2.177029"
"67","2","5","-1","24621194","0.671914","2.183053"
"67","2","5","0","24692264","0.662225","2.188434"
"67","2","5","1","24763334","0.651741","2.19237"
"67","2","5","2","24834404","0.640004","2.196335"
"68","1","5","-2","21023290","1.136382","1.89197"
"68","1","5","-1","21072440","1.131784","1.896513"
"68","1","5","0","21121592","1.127441","1.900431"
"68","1","5","1","21170744","1.122558","1.903731"
"68","1","5","2","21219896","1.116993","1.90733"
"68","2","5","-2","24545632","0.683091","2.17679"
"68","2","5","-1","24616704","0.67252","2.182912"
"68","2","5","0","24687772","0.66283","2.188207"
"68","2","5","1","24758842","0.65249","2.191895"
"68","2","5","2","24829912","0.640784","2.195947"
"69","1","5","-2","21021396","1.136591","1.891786"
"69","1","5","-1","21070548","1.131942","1.896302"
"69","1","5","0","21119700","1.127606","1.900296"
"69","1","5","1","21168852","1.122651","1.903685"
"69","1","5","2","21218004","1.117138","1.907228"
"69","2","5","-2","24543540","0.683437","2.17654"
"69","2","5","-1","24614610","0.672827","2.182574"
"69","2","5","0","24685680","0.663126","2.187881"
"69","2","5","1","24756750","0.652774","2.191835"
"69","2","5","2","24827820","0.641131","2.195731"
"70","1","5","-2","21022488","1.136452","1.891888"
"70","1","5","-1","21071640","1.131802","1.89642"
"70","1","5","0","21120792","1.127466","1.900419"
"70","1","5","1","21169944","1.122644","1.903723"
"70","1","5","2","21219096","1.117132","1.907278"
"70","2","5","-2","24547600","0.682803","2.176836"
"70","2","5","-1","24618670","0.672273","2.182823"
"70","2","5","0","24689740","0.662539","2.188149"
"70","2","5","1","24760810","0.652127","2.192199"
"70","2","5","2","24831880","0.640381","2.196229"
"71","1","5","-2","21027872","1.135898","1.892419"
"71","1","5","-1","21077024","1.131391","1.896891"
"71","1","5","0","21126176","1.127053","1.900771"
"71","1","5","1","21175326","1.122043","1.904057"
"71","1","5","2","21224478","1.116497","1.907707"
"71","2","5","-2","24544948","0.683205","2.176608"
"71","2","5","-1","24616016","0.672634","2.182853"
"71","2","5","0","24687088","0.662921","2.188188"
"71","2","5","1","24758156","0.652586","2.191921"
"71","2","5","2","24829226","0.640889","2.195895"
"72","1","5","-2","21016524","1.137074","1.891322"
"72","1","5","-1","21065676","1.132379","1.895856"
"72","1","5","0","21114828","1.128094","1.899941"
"72","1","5","1","21163980","1.123224","1.903311"
"72","1","5","2","21213132","1.117724","1.906856"
"72","2","5","-2","24546034","0.683065","2.176827"
"72","2","5","-1","24617104","0.672547","2.182763"
"72","2","5","0","24688174","0.662826","2.188035"
"72","2","5","1","24759244","0.652403","2.19195"
"72","2","5","2","24830312","0.640689","2.195925"
"73","1","5","-2","21023968","1.136324","1.892028"
"73","1","5","-1","21073120","1.131646","1.896582"
"73","1","5","0","21122272","1.127301","1.900507"
"73","1","5","1","21171424","1.122435","1.903812"
"73","1","5","2","21220574","1.116958","1.907385"
"73","2","5","-2","24542376","0.683577","2.176355"
"73","2","5","-1","24613444","0.673001","2.182402"
"73","2","5","0","24684516","0.663233","2.18784"
"73","2","5","1","24755584","0.652991","2.191828"
"73","2","5","2","24826654","0.641332","2.195925"
"74","1","5","-2","21027682","1.135906","1.892395"
"74","1","5","-1","21076832","1.13138","1.896897"
"74","1","5","0","21125984","1.127074","1.900697"
"74","1","5","1","21175136","1.12207","1.904063"
"74","1","5","2","21224288","1.116524","1.907677"
"74","2","5","-2","24547888","0.682755","2.176812"
"74","2","5","-1","24618956","0.672216","2.183035"
"74","2","5","0","24690026","0.662484","2.188361"
"74","2","5","1","24761096","0.652119","2.19216"
"74","2","5","2","24832166","0.640395","2.196055"
"75","1","5","-2","21015876","1.137117","1.891308"
"75","1","5","-1","21065028","1.132434","1.895819"
"75","1","5","0","21114180","1.128115","1.899893"
"75","1","5","1","21163332","1.123296","1.90327"
"75","1","5","2","21212484","1.117817","1.90682"
"75","2","5","-2","24548500","0.682631","2.177052"
"75","2","5","-1","24619568","0.67218","2.183019"
"75","2","5","0","24690638","0.662481","2.188181"
"75","2","5","1","24761708","0.651989","2.192097"
"75","2","5","2","24832778","0.640278","2.196066"
"76","1","5","-2","21024308","1.136271","1.892072"
"76","1","5","-1","21073460","1.131656","1.896586"
"76","1","5","0","21122612","1.127308","1.900533"
"76","1","5","1","21171764","1.122374","1.903832"
"76","1","5","2","21220914","1.116937","1.907404"
"76","2","5","-2","24539362","0.684082","2.176105"
"76","2","5","-1","24610432","0.673459","2.18218"
"76","2","5","0","24681500","0.663662","2.187644"
"76","2","5","1","24752572","0.653427","2.191627"
"76","2","5","2","24823640","0.641819","2.195753"
"77","1","5","-2","21024816","1.136164","1.892111"
"77","1","5","-1","21073968","1.131629","1.896635"
"77","1","5","0","21123118","1.127336","1.900512"
"77","1","5","1","21172270","1.122364","1.903853"
"77","1","5","2","21221420","1.116853","1.907445"
"77","2","5","-2","24547784","0.682786","2.176774"
"77","2","5","-1","24618856","0.672227","2.182989"
"77","2","5","0","24689924","0.662533","2.188376"
"77","2","5","1","24760996","0.652137","2.192158"
"77","2","5","2","24832064","0.640443","2.196058"
"78","1","5","-2","21017616","1.136957","1.89141"
"78","1","5","-1","21066768","1.132316","1.895987"
"78","1","5","0","21115918","1.127986","1.900009"
"78","1","5","1","21165070","1.123163","1.903356"
"78","1","5","2","21214220","1.117647","1.90693"
"78","2","5","-2","24549370","0.682502","2.177119"
"78","2","5","-1","24620440","0.672047","2.183172"
"78","2","5","0","24691508","0.662387","2.18827"
"78","2","5","1","24762580","0.651922","2.192101"
"78","2","5","2","24833648","0.640182","2.196136"
"79","1","5","-2","21023176","1.136426","1.891958"
"79","1","5","-1","21072328","1.131822","1.896467"
"79","1","5","0","21121480","1.127434","1.900425"
"79","1","5","1","21170632","1.122496","1.903744"
"79","1","5","2","21219784","1.116987","1.90733"
"79","2","5","-2","24537360","0.684382","2.175956"
"79","2","5","-1","24608428","0.673777","2.18199"
"79","2","5","0","24679500","0.663941","2.18751"
"79","2","5","1","24750568","0.653757","2.191487"
"79","2","5","2","24821640","0.642162","2.19544"
"80","1","5","-2","21022002","1.136482","1.89185"
"80","1","5","-1","21071152","1.131841","1.896395"
"80","1","5","0","21120304","1.127548","1.900341"
"80","1","5","1","21169456","1.122712","1.903666"
"80","1","5","2","21218608","1.11719","1.90723"
"80","2","5","-2","24550960","0.682289","2.17706"
"80","2","5","-1","24622028","0.671785","2.183126"
"80","2","5","0","24693098","0.662127","2.188451"
"80","2","5","1","24764168","0.651616","2.192381"
"80","2","5","2","24835238","0.639898","2.196418"
"81","1","5","-2","21024720","1.13624","1.892133"
"81","1","5","-1","21073872","1.131639","1.896614"
"81","1","5","0","21123024","1.127348","1.900525"
"81","1","5","1","21172174","1.122371","1.903843"
"81","1","5","2","21221326","1.116878","1.907447"
"81","2","5","-2","24544416","0.683264","2.176674"
"81","2","5","-1","24615488","0.672704","2.182806"
"81","2","5","0","24686556","0.663026","2.188102"
"81","2","5","1","24757626","0.65267","2.19188"
"81","2","5","2","24828696","0.641007","2.19583"
"82","1","5","-2","21019836","1.136714","1.89165"
"82","1","5","-1","21068988","1.132073","1.896206"
"82","1","5","0","21118140","1.127728","1.900184"
"82","1","5","1","21167292","1.122843","1.903543"
"82","1","5","2","21216444","1.11737","1.907097"
"82","2","5","-2","24544616","0.683265","2.176618"
"82","2","5","-1","24615684","0.672704","2.182592"
"82","2","5","0","24686754","0.662956","2.187994"
"82","2","5","1","24757824","0.652606","2.191851"
"82","2","5","2","24828894","0.640914","2.195831"
"83","1","5","-2","21023502","1.136333","1.891997"
"83","1","5","-1","21072652","1.131689","1.896536"
"83","1","5","0","21121804","1.127376","1.900484"
"83","1","5","1","21170956","1.122543","1.90378"
"83","1","5","2","21220108","1.117007","1.90733"
"83","2","5","-2","24546738","0.68294","2.176716"
"83","2","5","-1","24617808","0.672361","2.182805"
"83","2","5","0","24688876","0.662685","2.188128"
"83","2","5","1","24759948","0.652273","2.192203"
"83","2","5","2","24831016","0.640572","2.196171"
"84","1","5","-2","21026776","1.136027","1.892309"
"84","1","5","-1","21075928","1.131474","1.896765"
"84","1","5","0","21125080","1.127157","1.900691"
"84","1","5","1","21174230","1.122157","1.903981"
"84","1","5","2","21223382","1.116635","1.907606"
"84","2","5","-2","24546964","0.682919","2.176855"
"84","2","5","-1","24618032","0.672365","2.18303"
"84","2","5","0","24689104","0.662697","2.188275"
"84","2","5","1","24760172","0.652228","2.192037"
"84","2","5","2","24831242","0.640593","2.195986"
"85","1","5","-2","21018970","1.136807","1.891546"
"85","1","5","-1","21068122","1.132135","1.896098"
"85","1","5","0","21117272","1.127824","1.90011"
"85","1","5","1","21166424","1.122942","1.903484"
"85","1","5","2","21215576","1.11747","1.90705"
"85","2","5","-2","24543970","0.683346","2.176612"
"85","2","5","-1","24615040","0.67284","2.182557"
"85","2","5","0","24686110","0.663057","2.187927"
"85","2","5","1","24757180","0.652718","2.191789"
"85","2","5","2","24828248","0.641053","2.195774"
"86","1","5","-2","21023912","1.136313","1.892015"
"86","1","5","-1","21073064","1.131663","1.896544"
"86","1","5","0","21122216","1.127327","1.900524"
"86","1","5","1","21171368","1.122448","1.903832"
"86","1","5","2","21220520","1.116963","1.907389"
"86","2","5","-2","24545136","0.683202","2.176571"
"86","2","5","-1","24616204","0.672631","2.182669"
"86","2","5","0","24687274","0.662914","2.18795"
"86","2","5","1","24758344","0.652509","2.191945"
"86","2","5","2","24829414","0.640855","2.196082"
"87","1","5","-2","21027544","1.135918","1.892398"
"87","1","5","-1","21076696","1.131385","1.896886"
"87","1","5","0","21125848","1.127094","1.900729"
"87","1","5","1","21174998","1.1221","1.90402"
"87","1","5","2","21224150","1.116531","1.907663"
"87","2","5","-2","24542788","0.68348","2.176398"
"87","2","5","-1","24613860","0.672946","2.182535"
"87","2","5","0","24684928","0.66318","2.188064"
"87","2","5","1","24755998","0.652907","2.191967"
"87","2","5","2","24827068","0.64129","2.195722"
"88","1","5","-2","21016180","1.137091","1.891281"
"88","1","5","-1","21065330","1.132446","1.895824"
"88","1","5","0","21114482","1.128095","1.899887"
"88","1","5","1","21163632","1.123327","1.903275"
"88","1","5","2","21212784","1.117774","1.90684"
"88","2","5","-2","24554452","0.681783","2.177583"
"88","2","5","-1","24625520","0.671356","2.183562"
"88","2","5","0","24696592","0.661666","2.188537"
"88","2","5","1","24767660","0.651089","2.19238"
"88","2","5","2","24838730","0.639275","2.196452"
"89","1","5","-2","21023528","1.136379","1.891988"
"89","1","5","-1","21072680","1.131748","1.896514"
"89","1","5","0","21121832","1.127394","1.900472"
"89","1","5","1","21170984","1.122452","1.903801"
"89","1","5","2","21220136","1.116948","1.907398"
"89","2","5","-2","24534922","0.684776","2.175694"
"89","2","5","-1","24605992","0.674101","2.181804"
"89","2","5","0","24677060","0.664288","2.187321"
"89","2","5","1","24748132","0.654122","2.191358"
"89","2","5","2","24819200","0.642578","2.195282"
"90","1","5","-2","21022916","1.136367","1.891949"
"90","1","5","-1","21072068","1.131736","1.896482"
"90","1","5","0","21121220","1.127474","1.900389"
"90","1","5","1","21170372","1.122591","1.9037"
"90","1","5","2","21219524","1.117089","1.907325"
"90","2","5","-2","24552532","0.682025","2.177217"
"90","2","5","-1","24623604","0.671578","2.183273"
"90","2","5","0","24694672","0.661892","2.188543"
"90","2","5","1","24765742","0.651385","2.192531"
"90","2","5","2","24836812","0.639624","2.196515"
"91","1","5","-2","21021446","1.136581","1.891791"
"91","1","5","-1","21070596","1.131964","1.896333"
"91","1","5","0","21119748","1.127662","1.900287"
"91","1","5","1","21168900","1.122763","1.903642"
"91","1","5","2","21218052","1.117203","1.907196"
"91","2","5","-2","24544104","0.683332","2.176671"
"91","2","5","-1","24615172","0.672764","2.182807"
"91","2","5","0","24686242","0.663066","2.188067"
"91","2","5","1","24757312","0.652729","2.191819"
"91","2","5","2","24828382","0.641019","2.195818"
"92","1","5","-2","21021270","1.136598","1.891799"
"92","1","5","-1","21070422","1.131962","1.896309"
"92","1","5","0","21119572","1.127651","1.900295"
"92","1","5","1","21168724","1.122697","1.903657"
"92","1","5","2","21217876","1.117177","1.907212"
"92","2","5","-2","24542584","0.683535","2.176491"
"92","2","5","-1","24613656","0.672969","2.1825"
"92","2","5","0","24684724","0.663271","2.187855"
"92","2","5","1","24755794","0.652911","2.191773"
"92","2","5","2","24826864","0.641267","2.195719"
"93","1","5","-2","21021244","1.136557","1.891796"
"93","1","5","-1","21070394","1.131877","1.896336"
"93","1","5","0","21119546","1.127586","1.900321"
"93","1","5","1","21168696","1.122765","1.903626"
"93","1","5","2","21217848","1.117278","1.907201"
"93","2","5","-2","24545040","0.683159","2.176616"
"93","2","5","-1","24616108","0.67264","2.182674"
"93","2","5","0","24687178","0.662878","2.188023"
"93","2","5","1","24758248","0.652544","2.192043"
"93","2","5","2","24829318","0.640884","2.196092"
"94","1","5","-2","21026962","1.135977","1.892321"
"94","1","5","-1","21076114","1.131454","1.896839"
"94","1","5","0","21125264","1.127129","1.900704"
"94","1","5","1","21174416","1.122168","1.904012"
"94","1","5","2","21223568","1.116602","1.907645"
"94","2","5","-2","24546104","0.682997","2.176724"
"94","2","5","-1","24617174","0.672482","2.182987"
"94","2","5","0","24688244","0.662778","2.188275"
"94","2","5","1","24759314","0.652399","2.192062"
"94","2","5","2","24830384","0.640696","2.195967"
"95","1","5","-2","21017706","1.136973","1.891456"
"95","1","5","-1","21066858","1.132246","1.896003"
"95","1","5","0","21116008","1.127978","1.900059"
"95","1","5","1","21165160","1.123126","1.903358"
"95","1","5","2","21214312","1.11761","1.906934"
"95","2","5","-2","24544996","0.683233","2.176782"
"95","2","5","-1","24616064","0.672666","2.182744"
"95","2","5","0","24687136","0.662979","2.187999"
"95","2","5","1","24758204","0.65256","2.191948"
"95","2","5","2","24829274","0.640862","2.195868"
"96","1","5","-2","21025244","1.136203","1.892148"
"96","1","5","-1","21074396","1.131532","1.896691"
"96","1","5","0","21123548","1.127194","1.900603"
"96","1","5","1","21172700","1.122279","1.903926"
"96","1","5","2","21221852","1.11684","1.907488"
"96","2","5","-2","24543532","0.683449","2.176498"
"96","2","5","-1","24614602","0.672883","2.182543"
"96","2","5","0","24685672","0.663101","2.187917"
"96","2","5","1","24756740","0.652816","2.191885"
"96","2","5","2","24827812","0.641132","2.196023"
"97","1","5","-2","21027632","1.13589","1.892395"
"97","1","5","-1","21076782","1.131353","1.896932"
"97","1","5","0","21125934","1.127065","1.900733"
"97","1","5","1","21175084","1.122089","1.904064"
"97","1","5","2","21224236","1.116541","1.907707"
"97","2","5","-2","24545448","0.683201","2.176599"
"97","2","5","-1","24616518","0.672599","2.182803"
"97","2","5","0","24687588","0.662864","2.188251"
"97","2","5","1","24758658","0.652517","2.192087"
"97","2","5","2","24829728","0.640857","2.195972"
"98","1","5","-2","21016776","1.137051","1.891352"
"98","1","5","-1","21065928","1.132367","1.895935"
"98","1","5","0","21115078","1.128062","1.899962"
"98","1","5","1","21164230","1.123242","1.903318"
"98","1","5","2","21213380","1.117697","1.906861"
"98","2","5","-2","24552132","0.682145","2.177377"
"98","2","5","-1","24623200","0.67172","2.183414"
"98","2","5","0","24694270","0.66203","2.188415"
"98","2","5","1","24765340","0.651508","2.1923"
"98","2","5","2","24836410","0.63973","2.196308"
"99","1","5","-2","21023976","1.136313","1.891998"
"99","1","5","-1","21073128","1.131705","1.89655"
"99","1","5","0","21122280","1.127341","1.900518"
"99","1","5","1","21171432","1.12241","1.903871"
"99","1","5","2","21220584","1.11694","1.907432"
"99","2","5","-2","24536482","0.684565","2.175901"
"99","2","5","-1","24607552","0.673929","2.181941"
"99","2","5","0","24678620","0.664111","2.187449"
"99","2","5","1","24749692","0.653958","2.191437"
"99","2","5","2","24820760","0.642352","2.195532"
"100","1","5","-2","21025068","1.136142","1.892157"
"100","1","5","-1","21074220","1.131565","1.896705"
"100","1","5","0","21123372","1.127287","1.900546"
"100","1","5","1","21172522","1.122372","1.903868"
"100","1","5","2","21221674","1.116831","1.907489"
"100","2","5","-2","24548672","0.682708","2.176884"
"100","2","5","-1","24619742","0.672145","2.183021"
"100","2","5","0","24690812","0.662484","2.188354"
"100","2","5","1","24761880","0.652","2.192307"
"100","2","5","2","24832952","0.640315","2.196228"
"101","1","5","-2","21019024","1.13683","1.891575"
"101","1","5","-1","21068176","1.132159","1.896108"
"101","1","5","0","21117328","1.127831","1.900124"
"101","1","5","1","21166480","1.123001","1.903462"
"101","1","5","2","21215632","1.117473","1.907058"
"101","2","5","-2","24547436","0.682831","2.177002"
"101","2","5","-1","24618508","0.672356","2.183069"
"101","2","5","0","24689576","0.662641","2.188181"
"101","2","5","1","24760646","0.652226","2.192041"
"101","2","5","2","24831716","0.640545","2.196005"
"102","1","5","-2","21023752","1.136313","1.891987"
"102","1","5","-1","21072904","1.131737","1.896535"
"102","1","5","0","21122056","1.127374","1.900495"
"102","1","5","1","21171206","1.12244","1.903819"
"102","1","5","2","21220358","1.116902","1.907448"
"102","2","5","-2","24540644","0.683889","2.17626"
"102","2","5","-1","24611714","0.673338","2.182264"
"102","2","5","0","24682784","0.663558","2.187723"
"102","2","5","1","24753852","0.653248","2.191688"
"102","2","5","2","24824924","0.641595","2.195681"
"103","1","5","-2","21020640","1.136603","1.891753"
"103","1","5","-1","21069792","1.131954","1.896302"
"103","1","5","0","21118944","1.127687","1.900264"
"103","1","5","1","21168096","1.122851","1.903547"
"103","1","5","2","21217248","1.117328","1.907152"
"103","2","5","-2","24546082","0.68308","2.176666"
"103","2","5","-1","24617152","0.672515","2.182772"
"103","2","5","0","24688220","0.66282","2.188189"
"103","2","5","1","24759292","0.652396","2.192183"
"103","2","5","2","24830360","0.640703","2.196162"
"104","1","5","-2","21023008","1.136396","1.891967"
"104","1","5","-1","21072160","1.131797","1.896446"
"104","1","5","0","21121312","1.127497","1.900422"
"104","1","5","1","21170464","1.122574","1.903752"
"104","1","5","2","21219614","1.117033","1.907346"
"104","2","5","-2","24547276","0.682878","2.176965"
"104","2","5","-1","24618344","0.672382","2.18306"
"104","2","5","0","24689414","0.662683","2.188239"
"104","2","5","1","24760484","0.652268","2.192021"
"104","2","5","2","24831554","0.640576","2.196019"
"105","1","5","-2","21020652","1.136663","1.89173"
"105","1","5","-1","21069804","1.132008","1.896282"
"105","1","5","0","21118956","1.127672","1.900272"
"105","1","5","1","21168106","1.122756","1.903644"
"105","1","5","2","21217258","1.117266","1.907182"
"105","2","5","-2","24540976","0.683877","2.176301"
"105","2","5","-1","24612048","0.67332","2.182294"
"105","2","5","0","24683116","0.663522","2.187789"
"105","2","5","1","24754188","0.653218","2.191707"
"105","2","5","2","24825256","0.641577","2.195507"
"106","1","5","-2","21024086","1.136237","1.89208"
"106","1","5","-1","21073238","1.131615","1.896606"
"106","1","5","0","21122388","1.127305","1.900525"
"106","1","5","1","21171540","1.122507","1.903793"
"106","1","5","2","21220692","1.116927","1.907418"
"106","2","5","-2","24550812","0.682354","2.177046"
"106","2","5","-1","24621880","0.671828","2.183159"
"106","2","5","0","24692950","0.662176","2.188452"
"106","2","5","1","24764020","0.651684","2.192438"
"106","2","5","2","24835090","0.639953","2.196432"
"107","1","5","-2","21024088","1.136313","1.892049"
"107","1","5","-1","21073240","1.131753","1.896538"
"107","1","5","0","21122392","1.127429","1.900484"
"107","1","5","1","21171544","1.122468","1.903819"
"107","1","5","2","21220694","1.116956","1.907402"
"107","2","5","-2","24545472","0.683164","2.176805"
"107","2","5","-1","24616542","0.672607","2.182927"
"107","2","5","0","24687612","0.662923","2.188175"
"107","2","5","1","24758680","0.652525","2.191996"
"107","2","5","2","24829752","0.64088","2.195908"
"108","1","5","-2","21019752","1.136723","1.891633"
"108","1","5","-1","21068904","1.132079","1.896191"
"108","1","5","0","21118056","1.127753","1.900191"
"108","1","5","1","21167208","1.122843","1.903569"
"108","1","5","2","21216358","1.11733","1.907136"
"108","2","5","-2","24544984","0.683279","2.176716"
"108","2","5","-1","24616054","0.672732","2.182663"
"108","2","5","0","24687124","0.662938","2.188049"
"108","2","5","1","24758192","0.652582","2.191897"
"108","2","5","2","24829264","0.640857","2.195918"
"109","1","5","-2","21022102","1.136453","1.891881"
"109","1","5","-1","21071252","1.131813","1.896422"
"109","1","5","0","21120404","1.127489","1.900411"
"109","1","5","1","21169556","1.122665","1.903685"
"109","1","5","2","21218708","1.117153","1.907291"
"109","2","5","-2","24545428","0.683167","2.176624"
"109","2","5","-1","24616496","0.672585","2.182729"
"109","2","5","0","24687568","0.662915","2.188078"
"109","2","5","1","24758636","0.652498","2.192149"
"109","2","5","2","24829706","0.640826","2.19613"
"110","1","5","-2","21025748","1.136083","1.892212"
"110","1","5","-1","21074900","1.131563","1.896707"
"110","1","5","0","21124052","1.127225","1.900609"
"110","1","5","1","21173204","1.122238","1.903966"
"110","1","5","2","21222356","1.116733","1.907568"
"110","2","5","-2","24546436","0.682958","2.176848"
"110","2","5","-1","24617506","0.672479","2.183019"
"110","2","5","0","24688576","0.66278","2.188289"
"110","2","5","1","24759646","0.652365","2.192068"
"110","2","5","2","24830716","0.640703","2.196002"
"111","1","5","-2","21018040","1.136903","1.891525"
"111","1","5","-1","21067192","1.132235","1.896048"
"111","1","5","0","21116342","1.127929","1.90006"
"111","1","5","1","21165494","1.123049","1.903439"
"111","1","5","2","21214644","1.117525","1.906982"
"111","2","5","-2","24543220","0.683506","2.176607"
"111","2","5","-1","24614292","0.672972","2.182544"
"111","2","5","0","24685360","0.663212","2.18794"
"111","2","5","1","24756430","0.652866","2.191848"
"111","2","5","2","24827500","0.641163","2.195841"
"112","1","5","-2","21022096","1.136521","1.891881"
"112","1","5","-1","21071248","1.131803","1.896411"
"112","1","5","0","21120400","1.127469","1.900361"
"112","1","5","1","21169550","1.122615","1.903734"
"112","1","5","2","21218702","1.117153","1.907254"
"112","2","5","-2","24544500","0.68334","2.176567"
"112","2","5","-1","24615568","0.672735","2.18267"
"112","2","5","0","24686638","0.663","2.188004"
"112","2","5","1","24757708","0.652642","2.191965"
"112","2","5","2","24828778","0.640985","2.196074"
"113","1","5","-2","21028938","1.135758","1.892524"
"113","1","5","-1","21078088","1.131218","1.897034"
"113","1","5","0","21127240","1.126954","1.900836"
"113","1","5","1","21176392","1.121916","1.904163"
"113","1","5","2","21225544","1.116332","1.907793"
"113","2","5","-2","24545652","0.683096","2.176648"
"113","2","5","-1","24616724","0.672608","2.182835"
"113","2","5","0","24687792","0.662837","2.18829"
"113","2","5","1","24758862","0.652465","2.192169"
"113","2","5","2","24829932","0.640823","2.195982"
"114","1","5","-2","21015528","1.13715","1.891259"
"114","1","5","-1","21064680","1.132492","1.895823"
"114","1","5","0","21113832","1.128147","1.899876"
"114","1","5","1","21162984","1.123358","1.903241"
"114","1","5","2","21212136","1.117863","1.906801"
"114","2","5","-2","24551032","0.682276","2.177332"
"114","2","5","-1","24622100","0.671832","2.183341"
"114","2","5","0","24693170","0.662139","2.188458"
"114","2","5","1","24764240","0.651655","2.192201"
"114","2","5","2","24835310","0.639859","2.196256"
"115","1","5","-2","21023956","1.136312","1.89205"
"115","1","5","-1","21073108","1.131682","1.89656"
"115","1","5","0","21122260","1.127315","1.900537"
"115","1","5","1","21171412","1.12238","1.903888"
"115","1","5","2","21220564","1.116892","1.907429"
"115","2","5","-2","24537022","0.684467","2.175916"
"115","2","5","-1","24608092","0.673821","2.182058"
"115","2","5","0","24679162","0.664048","2.187502"
"115","2","5","1","24750232","0.653811","2.191518"
"115","2","5","2","24821300","0.642218","2.195521"
"116","1","5","-2","21025412","1.136097","1.892216"
"116","1","5","-1","21074564","1.13153","1.896725"
"116","1","5","0","21123716","1.12725","1.900637"
"116","1","5","1","21172868","1.122292","1.903906"
"116","1","5","2","21222018","1.116755","1.907536"
"116","2","5","-2","24547998","0.682729","2.176864"
"116","2","5","-1","24619068","0.672256","2.1829"
"116","2","5","0","24690136","0.662546","2.188393"
"116","2","5","1","24761208","0.65208","2.192297"
"116","2","5","2","24832276","0.640417","2.196219"
"117","1","5","-2","21019096","1.136808","1.891569"
"117","1","5","-1","21068248","1.132154","1.896155"
"117","1","5","0","21117398","1.127843","1.900158"
"117","1","5","1","21166550","1.123066","1.903442"
"117","1","5","2","21215700","1.117475","1.90707"
"117","2","5","-2","24548276","0.682737","2.177057"
"117","2","5","-1","24619344","0.672212","2.183139"
"117","2","5","0","24690414","0.662487","2.188263"
"117","2","5","1","24761484","0.652088","2.192079"
"117","2","5","2","24832554","0.640299","2.196125"
"118","1","5","-2","21023404","1.136361","1.891991"
"118","1","5","-1","21072556","1.13175","1.896524"
"118","1","5","0","21121708","1.127403","1.900469"
"118","1","5","1","21170860","1.122434","1.903844"
"118","1","5","2","21220010","1.116932","1.907413"
"118","2","5","-2","24539746","0.68405","2.17617"
"118","2","5","-1","24610816","0.67342","2.18226"
"118","2","5","0","24681884","0.663657","2.187669"
"118","2","5","1","24752956","0.653347","2.191658"
"118","2","5","2","24824024","0.641755","2.195654"
"119","1","5","-2","21021592","1.136487","1.891866"
"119","1","5","-1","21070742","1.131855","1.896376"
"119","1","5","0","21119894","1.127588","1.900364"
"119","1","5","1","21169044","1.122721","1.903621"
"119","1","5","2","21218196","1.117206","1.907243"
"119","2","5","-2","24547712","0.682787","2.176829"
"119","2","5","-1","24618782","0.672273","2.182909"
"119","2","5","0","24689852","0.662546","2.188346"
"119","2","5","1","24760920","0.652161","2.192264"
"119","2","5","2","24831992","0.640432","2.196172"
"120","1","5","-2","21022432","1.136462","1.891921"
"120","1","5","-1","21071584","1.131856","1.896406"
"120","1","5","0","21120736","1.127519","1.900374"
"120","1","5","1","21169886","1.122674","1.9037"
"120","1","5","2","21219038","1.117091","1.907308"
"120","2","5","-2","24549148","0.682594","2.177167"
"120","2","5","-1","24620220","0.672103","2.183218"
"120","2","5","0","24691288","0.662379","2.188407"
"120","2","5","1","24762358","0.651976","2.192114"
"120","2","5","2","24833428","0.640199","2.196168"
"121","1","5","-2","21021656","1.136562","1.891854"
"121","1","5","-1","21070808","1.131905","1.896327"
"121","1","5","0","21119958","1.12753","1.900345"
"121","1","5","1","21169110","1.122617","1.903711"
"121","1","5","2","21218260","1.117142","1.907279"
"121","2","5","-2","24540320","0.683945","2.17623"
"121","2","5","-1","24611388","0.673333","2.182304"
"121","2","5","0","24682458","0.663548","2.187696"
"121","2","5","1","24753528","0.653233","2.191705"
"121","2","5","2","24824598","0.641661","2.19566"
"122","1","5","-2","21024684","1.136151","1.892162"
"122","1","5","-1","21073836","1.131553","1.89667"
"122","1","5","0","21122988","1.127273","1.900573"
"122","1","5","1","21172140","1.122377","1.903825"
"122","1","5","2","21221292","1.116844","1.907475"
"122","2","5","-2","24548814","0.682577","2.176955"
"122","2","5","-1","24619884","0.672129","2.183"
"122","2","5","0","24690952","0.662386","2.188365"
"122","2","5","1","24762024","0.65195","2.192311"
"122","2","5","2","24833092","0.640249","2.19632"
"123","1","5","-2","21020550","1.136611","1.891721"
"123","1","5","-1","21069700","1.132063","1.896246"
"123","1","5","0","21118852","1.127693","1.900233"
"123","1","5","1","21168004","1.122824","1.903605"
"123","1","5","2","21217156","1.11733","1.907173"
"123","2","5","-2","24545116","0.683201","2.176707"
"123","2","5","-1","24616188","0.672637","2.182916"
"123","2","5","0","24687256","0.662938","2.188212"
"123","2","5","1","24758326","0.65261","2.191941"
"123","2","5","2","24829396","0.640861","2.19591"
"124","1","5","-2","21020936","1.136626","1.891807"
"124","1","5","-1","21070088","1.131958","1.896304"
"124","1","5","0","21119240","1.127663","1.900271"
"124","1","5","1","21168392","1.12271","1.903679"
"124","1","5","2","21217544","1.117212","1.907208"
"124","2","5","-2","24544176","0.68337","2.176658"
"124","2","5","-1","24615244","0.672817","2.182683"
"124","2","5","0","24686314","0.663056","2.18799"
"124","2","5","1","24757384","0.652688","2.191914"
"124","2","5","2","24828454","0.641037","2.195822"
"125","1","5","-2","21021966","1.136513","1.891876"
"125","1","5","-1","21071118","1.131835","1.896388"
"125","1","5","0","21120268","1.127472","1.900379"
"125","1","5","1","21169420","1.122623","1.903709"
"125","1","5","2","21218572","1.11718","1.907282"
"125","2","5","-2","24546576","0.682958","2.176745"
"125","2","5","-1","24617644","0.672468","2.18282"
"125","2","5","0","24688716","0.66269","2.188119"
"125","2","5","1","24759784","0.652309","2.192035"
"125","2","5","2","24830854","0.640641","2.1962"
"126","1","5","-2","21027884","1.135886","1.892421"
"126","1","5","-1","21077034","1.131339","1.896922"
"126","1","5","0","21126186","1.127048","1.900744"
"126","1","5","1","21175336","1.122062","1.904119"
"126","1","5","2","21224488","1.116461","1.907724"
"126","2","5","-2","24542500","0.683579","2.176373"
"126","2","5","-1","24613570","0.672994","2.182589"
"126","2","5","0","24684640","0.663283","2.188085"
"126","2","5","1","24755710","0.652938","2.191946"
"126","2","5","2","24826780","0.641342","2.195788"
"127","1","5","-2","21016888","1.137031","1.891393"
"127","1","5","-1","21066040","1.132311","1.895945"
"127","1","5","0","21115192","1.128049","1.899995"
"127","1","5","1","21164344","1.123209","1.903342"
"127","1","5","2","21213494","1.117694","1.906906"
"127","2","5","-2","24551568","0.682206","2.177365"
"127","2","5","-1","24622640","0.671735","2.18339"
"127","2","5","0","24693708","0.662062","2.188417"
"127","2","5","1","24764778","0.651525","2.192276"
"127","2","5","2","24835848","0.639792","2.196295"
"128","1","5","-2","21024500","1.13626","1.892119"
"128","1","5","-1","21073650","1.131613","1.896625"
"128","1","5","0","21122802","1.127253","1.900561"
"128","1","5","1","21171952","1.122326","1.903908"
"128","1","5","2","21221104","1.116837","1.907465"
"128","2","5","-2","24537632","0.684375","2.175996"
"128","2","5","-1","24608702","0.673699","2.182076"
"128","2","5","0","24679772","0.663929","2.187545"
"128","2","5","1","24750840","0.653714","2.191517"
"128","2","5","2","24821912","0.642114","2.195588"
"129","1","5","-2","21025138","1.136121","1.892157"
"129","1","5","-1","21074290","1.131526","1.896709"
"129","1","5","0","21123440","1.127283","1.900578"
"129","1","5","1","21172592","1.122349","1.903891"
"129","1","5","2","21221744","1.116797","1.9075"
"129","2","5","-2","24548750","0.68264","2.176871"
"129","2","5","-1","24619820","0.672121","2.182994"
"129","2","5","0","24690890","0.662451","2.188398"
"129","2","5","1","24761960","0.651962","2.192315"
"129","2","5","2","24833028","0.64024","2.196277"
"130","1","5","-2","21019762","1.136748","1.891682"
"130","1","5","-1","21068914","1.132089","1.896223"
"130","1","5","0","21118064","1.127748","1.900169"
"130","1","5","1","21167216","1.122898","1.903527"
"130","1","5","2","21216368","1.117386","1.90708"
"130","2","5","-2","24545964","0.683055","2.176855"
"130","2","5","-1","24617032","0.672544","2.182977"
"130","2","5","0","24688102","0.662841","2.188207"
"130","2","5","1","24759172","0.652462","2.191994"
"130","2","5","2","24830242","0.64077","2.195951"
"131","1","5","-2","21023324","1.136364","1.891985"
"131","1","5","-1","21072476","1.131754","1.896479"
"131","1","5","0","21121628","1.127403","1.900453"
"131","1","5","1","21170780","1.122446","1.903825"
"131","1","5","2","21219932","1.117006","1.907364"
"131","2","5","-2","24542684","0.683586","2.176492"
"131","2","5","-1","24613754","0.673035","2.182457"
"131","2","5","0","24684824","0.663222","2.187918"
"131","2","5","1","24755892","0.652947","2.191792"
"131","2","5","2","24826964","0.641255","2.195751"
"132","1","5","-2","21023902","1.13624","1.892077"
"132","1","5","-1","21073054","1.131635","1.896605"
"132","1","5","0","21122204","1.127333","1.900519"
"132","1","5","1","21171356","1.122462","1.903851"
"132","1","5","2","21220508","1.116945","1.907388"
"132","2","5","-2","24548588","0.682683","2.176927"
"132","2","5","-1","24619658","0.672132","2.182987"
"132","2","5","0","24690728","0.662444","2.188275"
"132","2","5","1","24761798","0.651978","2.192342"
"132","2","5","2","24832868","0.640236","2.196324"
"133","1","5","-2","21024244","1.136245","1.892112"
"133","1","5","-1","21073396","1.131674","1.896606"
"133","1","5","0","21122548","1.127384","1.900506"
"133","1","5","1","21171700","1.12241","1.903832"
"133","1","5","2","21220852","1.116891","1.907455"
"133","2","5","-2","24545128","0.683186","2.176743"
"133","2","5","-1","24616198","0.672644","2.182922"
"133","2","5","0","24687268","0.662918","2.188219"
"133","2","5","1","24758336","0.652528","2.191967"
"133","2","5","2","24829408","0.640889","2.195908"
"134","1","5","-2","21017412","1.136957","1.89142"
"134","1","5","-1","21066564","1.132286","1.896002"
"134","1","5","0","21115716","1.127942","1.900025"
"134","1","5","1","21164868","1.123071","1.903399"
"134","1","5","2","21214020","1.117609","1.906956"
"134","2","5","-2","24545272","0.683197","2.176757"
"134","2","5","-1","24616340","0.672669","2.182704"
"134","2","5","0","24687410","0.66291","2.188061"
"134","2","5","1","24758480","0.652514","2.191933"
"134","2","5","2","24829550","0.640823","2.195918"
"135","1","5","-2","21023996","1.136251","1.892083"
"135","1","5","-1","21073148","1.131634","1.896616"
"135","1","5","0","21122300","1.127322","1.90053"
"135","1","5","1","21171450","1.122463","1.903833"
"135","1","5","2","21220602","1.116928","1.907393"
"135","2","5","-2","24544686","0.683305","2.176557"
"135","2","5","-1","24615756","0.672707","2.182664"
"135","2","5","0","24686824","0.662996","2.187969"
"135","2","5","1","24757896","0.652615","2.192057"
"135","2","5","2","24828964","0.640952","2.196083"
"136","1","5","-2","21024424","1.136206","1.892136"
"136","1","5","-1","21073576","1.131665","1.896606"
"136","1","5","0","21122728","1.127353","1.900521"
"136","1","5","1","21171880","1.122411","1.90384"
"136","1","5","2","21221030","1.11688","1.907466"
"136","2","5","-2","24546128","0.68305","2.176768"
"136","2","5","-1","24617196","0.672509","2.182959"
"136","2","5","0","24688266","0.662791","2.188287"
"136","2","5","1","24759336","0.652415","2.192025"
"136","2","5","2","24830406","0.640767","2.195924"
"137","1","5","-2","21017562","1.136947","1.891428"
"137","1","5","-1","21066712","1.132273","1.896039"
"137","1","5","0","21115864","1.12796","1.900041"
"137","1","5","1","21165016","1.123105","1.903394"
"137","1","5","2","21214168","1.117587","1.906976"
"137","2","5","-2","24547518","0.682847","2.176986"
"137","2","5","-1","24618588","0.672372","2.182869"
"137","2","5","0","24689658","0.662614","2.188188"
"137","2","5","1","24760728","0.652179","2.19202"
"137","2","5","2","24831796","0.64043","2.196056"
"138","1","5","-2","21022780","1.136445","1.891915"
"138","1","5","-1","21071932","1.131752","1.896499"
"138","1","5","0","21121084","1.127413","1.900438"
"138","1","5","1","21170236","1.122535","1.903785"
"138","1","5","2","21219388","1.117078","1.907326"
"138","2","5","-2","24541480","0.68376","2.176293"
"138","2","5","-1","24612548","0.673135","2.182364"
"138","2","5","0","24683618","0.663412","2.187763"
"138","2","5","1","24754688","0.653112","2.191813"
"138","2","5","2","24825758","0.641487","2.195889"
"139","1","5","-2","21028340","1.135825","1.892474"
"139","1","5","-1","21077492","1.131286","1.89694"
"139","1","5","0","21126644","1.12702","1.900805"
"139","1","5","1","21175796","1.121979","1.904138"
"139","1","5","2","21224948","1.116427","1.907773"
"139","2","5","-2","24547104","0.682878","2.176763"
"139","2","5","-1","24618176","0.672384","2.18297"
"139","2","5","0","24689244","0.66264","2.188331"
"139","2","5","1","24760314","0.65225","2.192178"
"139","2","5","2","24831384","0.640569","2.196002"
"140","1","5","-2","21016224","1.13711","1.89132"
"140","1","5","-1","21065376","1.132385","1.895874"
"140","1","5","0","21114528","1.128077","1.899928"
"140","1","5","1","21163680","1.123286","1.903309"
"140","1","5","2","21212830","1.117733","1.906842"
"140","2","5","-2","24548996","0.682609","2.177125"
"140","2","5","-1","24620068","0.672142","2.183101"
"140","2","5","0","24691136","0.662392","2.188246"
"140","2","5","1","24762206","0.651953","2.192068"
"140","2","5","2","24833276","0.640215","2.196131"
"141","1","5","-2","21025878","1.136154","1.892248"
"141","1","5","-1","21075030","1.131524","1.896732"
"141","1","5","0","21124180","1.127123","1.900647"
"141","1","5","1","21173332","1.122223","1.90399"
"141","1","5","2","21222484","1.1167","1.907586"
"141","2","5","-2","24539266","0.68411","2.176072"
"141","2","5","-1","24610336","0.673473","2.182195"
"141","2","5","0","24681406","0.663728","2.187607"
"141","2","5","1","24752476","0.653474","2.1915"
"141","2","5","2","24823544","0.64184","2.195676"
"142","1","5","-2","21024704","1.136185","1.892117"
"142","1","5","-1","21073856","1.131607","1.896671"
"142","1","5","0","21123008","1.127334","1.90054"
"142","1","5","1","21172158","1.122422","1.903864"
"142","1","5","2","21221310","1.11687","1.90747"
"142","2","5","-2","24544332","0.683259","2.176551"
"142","2","5","-1","24615400","0.672748","2.182621"
"142","2","5","0","24686472","0.662992","2.188142"
"142","2","5","1","24757540","0.652703","2.192016"
"142","2","5","2","24828610","0.64102","2.195931"
"143","1","5","-2","21019688","1.136775","1.891659"
"143","1","5","-1","21068840","1.132134","1.89619"
"143","1","5","0","21117992","1.127798","1.900198"
"143","1","5","1","21167144","1.12294","1.903521"
"143","1","5","2","21216296","1.117419","1.907088"
"143","2","5","-2","24550428","0.682339","2.177221"
"143","2","5","-1","24621498","0.671878","2.183273"
"143","2","5","0","24692568","0.662156","2.188382"
"143","2","5","1","24763636","0.651727","2.192148"
"143","2","5","2","24834708","0.639931","2.196219"
"144","1","5","-2","21023440","1.1364","1.892014"
"144","1","5","-1","21072592","1.131781","1.896483"
"144","1","5","0","21121744","1.127403","1.900432"
"144","1","5","1","21170896","1.122498","1.903796"
"144","1","5","2","21220048","1.116953","1.907402"
"144","2","5","-2","24538324","0.684233","2.175997"
"144","2","5","-1","24609392","0.673589","2.182084"
"144","2","5","0","24680462","0.663786","2.187533"
"144","2","5","1","24751532","0.653525","2.191559"
"144","2","5","2","24822602","0.64195","2.195486"
"145","1","5","-2","21021540","1.136521","1.891827"
"145","1","5","-1","21070692","1.131884","1.896355"
"145","1","5","0","21119842","1.127602","1.900358"
"145","1","5","1","21168994","1.122749","1.903655"
"145","1","5","2","21218144","1.117266","1.907229"
"145","2","5","-2","24550740","0.682247","2.177057"
"145","2","5","-1","24621812","0.671836","2.183104"
"145","2","5","0","24692880","0.662104","2.188447"
"145","2","5","1","24763952","0.651622","2.192405"
"145","2","5","2","24835020","0.639886","2.196373"
"146","1","5","-2","21025356","1.136219","1.892168"
"146","1","5","-1","21074508","1.131656","1.896695"
"146","1","5","0","21123660","1.127293","1.900574"
"146","1","5","1","21172812","1.12236","1.903916"
"146","1","5","2","21221964","1.116784","1.907506"
"146","2","5","-2","24544452","0.683252","2.176681"
"146","2","5","-1","24615522","0.672673","2.182773"
"146","2","5","0","24686592","0.662997","2.188062"
"146","2","5","1","24757660","0.652659","2.191838"
"146","2","5","2","24828732","0.640945","2.195865"
"147","1","5","-2","21019716","1.136777","1.891663"
"147","1","5","-1","21068868","1.132128","1.896187"
"147","1","5","0","21118020","1.12778","1.900192"
"147","1","5","1","21167172","1.122886","1.903561"
"147","1","5","2","21216322","1.117393","1.907118"
"147","2","5","-2","24542980","0.683328","2.176571"
"147","2","5","-1","24614050","0.672852","2.182503"
"147","2","5","0","24685120","0.663071","2.187889"
"147","2","5","1","24756190","0.652787","2.191768"
"147","2","5","2","24827260","0.64111","2.195728"
"148","1","5","-2","21023128","1.136374","1.891984"
"148","1","5","-1","21072280","1.131752","1.896512"
"148","1","5","0","21121430","1.127459","1.900472"
"148","1","5","1","21170582","1.122587","1.903746"
"148","1","5","2","21219732","1.117072","1.90734"
"148","2","5","-2","24545058","0.683196","2.176543"
"148","2","5","-1","24616128","0.672626","2.182628"
"148","2","5","0","24687198","0.662887","2.188016"
"148","2","5","1","24758268","0.652538","2.192033"
"148","2","5","2","24829336","0.640902","2.196019"
"149","1","5","-2","21023908","1.136332","1.892038"
"149","1","5","-1","21073060","1.131786","1.896558"
"149","1","5","0","21122210","1.127406","1.900475"
"149","1","5","1","21171362","1.122495","1.903787"
"149","1","5","2","21220512","1.116985","1.907407"
"149","2","5","-2","24549216","0.68251","2.176985"
"149","2","5","-1","24620288","0.672075","2.183136"
"149","2","5","0","24691356","0.662362","2.188396"
"149","2","5","1","24762426","0.651928","2.192047"
"149","2","5","2","24833496","0.640175","2.196103"
"150","1","5","-2","21019932","1.136785","1.891635"
"150","1","5","-1","21069084","1.132111","1.896182"
"150","1","5","0","21118236","1.127834","1.900195"
"150","1","5","1","21167388","1.122888","1.903545"
"150","1","5","2","21216540","1.117368","1.907114"
"150","2","5","-2","24539810","0.683966","2.176244"
"150","2","5","-1","24610880","0.673429","2.182202"
"150","2","5","0","24681948","0.663659","2.187607"
"150","2","5","1","24753020","0.653341","2.191617"
"150","2","5","2","24824088","0.641733","2.195505"
"151","1","5","-2","21021902","1.136575","1.891856"
"151","1","5","-1","21071054","1.131857","1.896406"
"151","1","5","0","21120204","1.127549","1.900391"
"151","1","5","1","21169356","1.122668","1.903715"
"151","1","5","2","21218508","1.117224","1.907236"
"151","2","5","-2","24546332","0.682999","2.176634"
"151","2","5","-1","24617404","0.672401","2.182746"
"151","2","5","0","24688472","0.662704","2.188014"
"151","2","5","1","24759544","0.65233","2.192041"
"151","2","5","2","24830612","0.640598","2.196145"
"152","1","5","-2","21029472","1.135767","1.892551"
"152","1","5","-1","21078624","1.131261","1.897038"
"152","1","5","0","21127776","1.126957","1.90086"
"152","1","5","1","21176928","1.121893","1.904197"
"152","1","5","2","21226078","1.116341","1.907839"
"152","2","5","-2","24544088","0.68332","2.17647"
"152","2","5","-1","24615160","0.672741","2.182739"
"152","2","5","0","24686228","0.663034","2.188107"
"152","2","5","1","24757300","0.652696","2.191912"
"152","2","5","2","24828368","0.641001","2.195796"
"153","1","5","-2","21014976","1.137224","1.891201"
"153","1","5","-1","21064126","1.13253","1.895754"
"153","1","5","0","21113278","1.128221","1.899849"
"153","1","5","1","21162428","1.123454","1.903208"
"153","1","5","2","21211580","1.117912","1.906757"
"153","2","5","-2","24547804","0.682724","2.176987"
"153","2","5","-1","24618872","0.672275","2.182929"
"153","2","5","0","24689944","0.662581","2.188108"
"153","2","5","1","24761012","0.652065","2.192031"
"153","2","5","2","24832084","0.640388","2.196048"
"154","1","5","-2","21025264","1.136206","1.892159"
"154","1","5","-1","21074416","1.131573","1.896693"
"154","1","5","0","21123566","1.127234","1.900582"
"154","1","5","1","21172718","1.122271","1.903934"
"154","1","5","2","21221868","1.116847","1.907509"
"154","2","5","-2","24538188","0.684274","2.175989"
"154","2","5","-1","24609256","0.673639","2.182068"
"154","2","5","0","24680326","0.663848","2.18755"
"154","2","5","1","24751396","0.65363","2.191581"
"154","2","5","2","24822466","0.642046","2.195687"
"155","1","5","-2","21024216","1.136234","1.892079"
"155","1","5","-1","21073368","1.131705","1.89657"
"155","1","5","0","21122520","1.127414","1.900454"
"155","1","5","1","21171672","1.122464","1.903834"
"155","1","5","2","21220824","1.11693","1.907413"
"155","2","5","-2","24548672","0.682681","2.176874"
"155","2","5","-1","24619742","0.672155","2.183103"
"155","2","5","0","24690812","0.662466","2.188432"
"155","2","5","1","24761880","0.652057","2.192227"
"155","2","5","2","24832952","0.640314","2.19611"
"156","1","5","-2","21016972","1.137009","1.891373"
"156","1","5","-1","21066122","1.13233","1.895935"
"156","1","5","0","21115274","1.128016","1.899968"
"156","1","5","1","21164424","1.123227","1.903333"
"156","1","5","2","21213576","1.11768","1.90692"
"156","2","5","-2","24547256","0.682916","2.176986"
"156","2","5","-1","24618328","0.672432","2.183021"
"156","2","5","0","24689396","0.662696","2.188136"
"156","2","5","1","24760468","0.652259","2.192022"
"156","2","5","2","24831536","0.640568","2.196027"
"157","1","5","-2","21023676","1.136354","1.891984"
"157","1","5","-1","21072828","1.131721","1.896541"
"157","1","5","0","21121980","1.127332","1.900505"
"157","1","5","1","21171132","1.122412","1.903797"
"157","1","5","2","21220284","1.116945","1.907392"
"157","2","5","-2","24539672","0.684087","2.176135"
"157","2","5","-1","24610742","0.673504","2.182193"
"157","2","5","0","24681812","0.663697","2.187686"
"157","2","5","1","24752880","0.653429","2.191592"
"157","2","5","2","24823952","0.64181","2.195728"
"158","1","5","-2","21025440","1.136112","1.892191"
"158","1","5","-1","21074590","1.131505","1.896716"
"158","1","5","0","21123742","1.127252","1.900595"
"158","1","5","1","21172892","1.122302","1.903915"
"158","1","5","2","21222044","1.116768","1.907526"
"158","2","5","-2","24546066","0.683096","2.176666"
"158","2","5","-1","24617136","0.672517","2.182821"
"158","2","5","0","24688204","0.662857","2.188278"
"158","2","5","1","24759276","0.652446","2.192132"
"158","2","5","2","24830344","0.640778","2.196084"
"159","1","5","-2","21020136","1.136728","1.891675"
"159","1","5","-1","21069288","1.132046","1.89621"
"159","1","5","0","21118438","1.127713","1.900238"
"159","1","5","1","21167590","1.122879","1.903562"
"159","1","5","2","21216740","1.117318","1.907141"
"159","2","5","-2","24548630","0.682675","2.177119"
"159","2","5","-1","24619700","0.672217","2.183145"
"159","2","5","0","24690770","0.662545","2.18824"
"159","2","5","1","24761840","0.652027","2.192091"
"159","2","5","2","24832908","0.640333","2.196113"
"160","1","5","-2","21025396","1.13614","1.892175"
"160","1","5","-1","21074548","1.131583","1.896683"
"160","1","5","0","21123700","1.127205","1.900628"
"160","1","5","1","21172852","1.122228","1.903955"
"160","1","5","2","21222002","1.116744","1.907571"
"160","2","5","-2","24536780","0.684511","2.175927"
"160","2","5","-1","24607850","0.673916","2.182"
"160","2","5","0","24678920","0.664053","2.187503"
"160","2","5","1","24749988","0.653874","2.191471"
"160","2","5","2","24821060","0.642292","2.195501"
"161","1","5","-2","21020884","1.136556","1.89175"
"161","1","5","-1","21070036","1.131914","1.89631"
"161","1","5","0","21119188","1.127651","1.900289"
"161","1","5","1","21168340","1.122829","1.903594"
"161","1","5","2","21217492","1.117283","1.907185"
"161","2","5","-2","24549312","0.682597","2.176948"
"161","2","5","-1","24620382","0.672076","2.183017"
"161","2","5","0","24691452","0.66242","2.188426"
"161","2","5","1","24762522","0.651956","2.192346"
"161","2","5","2","24833592","0.640214","2.196297"
"162","1","5","-2","21023840","1.136334","1.89203"
"162","1","5","-1","21072992","1.131705","1.896509"
"162","1","5","0","21122144","1.127418","1.90051"
"162","1","5","1","21171296","1.122455","1.903779"
"162","1","5","2","21220446","1.116961","1.907412"
"162","2","5","-2","24546752","0.682997","2.176886"
"162","2","5","-1","24617822","0.672522","2.183"
"162","2","5","0","24688892","0.662811","2.188258"
"162","2","5","1","24759960","0.652368","2.191997"
"162","2","5","2","24831032","0.640674","2.195984"
"163","1","5","-2","21021962","1.136531","1.891838"
"163","1","5","-1","21071112","1.131906","1.896389"
"163","1","5","0","21120264","1.127547","1.900349"
"163","1","5","1","21169416","1.122626","1.903709"
"163","1","5","2","21218568","1.117121","1.907311"
"163","2","5","-2","24540860","0.683913","2.176333"
"163","2","5","-1","24611928","0.67336","2.182262"
"163","2","5","0","24683000","0.663575","2.187784"
"163","2","5","1","24754068","0.653261","2.191661"
"163","2","5","2","24825140","0.641642","2.195636"
"164","1","5","-2","21021894","1.136487","1.891859"
"164","1","5","-1","21071046","1.13185","1.896418"
"164","1","5","0","21120196","1.127531","1.900356"
"164","1","5","1","21169348","1.12271","1.903698"
"164","1","5","2","21218500","1.117181","1.907221"
"164","2","5","-2","24547848","0.682841","2.176797"
"164","2","5","-1","24618916","0.672271","2.182905"
"164","2","5","0","24689988","0.66263","2.188189"
"164","2","5","1","24761056","0.652156","2.192261"
"164","2","5","2","24832126","0.640483","2.196264"
"165","1","5","-2","21025980","1.136073","1.892255"
"165","1","5","-1","21075130","1.131528","1.896739"
"165","1","5","0","21124282","1.127192","1.900627"
"165","1","5","1","21173432","1.122234","1.90394"
"165","1","5","2","21222584","1.116737","1.907536"
"165","2","5","-2","24545282","0.683208","2.176722"
"165","2","5","-1","24616352","0.672719","2.182908"
"165","2","5","0","24687422","0.662992","2.188187"
"165","2","5","1","24758492","0.65259","2.191928"
"165","2","5","2","24829560","0.640914","2.195892"
"166","1","5","-2","21019854","1.136712","1.891655"
"166","1","5","-1","21069004","1.13207","1.89618"
"166","1","5","0","21118156","1.127754","1.9002"
"166","1","5","1","21167308","1.122851","1.903574"
"166","1","5","2","21216460","1.117353","1.907152"
"166","2","5","-2","24542206","0.683694","2.176497"
"166","2","5","-1","24613276","0.673167","2.182415"
"166","2","5","0","24684344","0.663392","2.187866"
"166","2","5","1","24755416","0.653063","2.19175"
"166","2","5","2","24826484","0.641377","2.195707"
"167","1","5","-2","21022340","1.136472","1.89189"
"167","1","5","-1","21071490","1.131789","1.896446"
"167","1","5","0","21120642","1.127479","1.900398"
"167","1","5","1","21169792","1.122626","1.903747"
"167","1","5","2","21218944","1.117167","1.907267"
"167","2","5","-2","24545644","0.683158","2.176643"
"167","2","5","-1","24616712","0.672615","2.18274"
"167","2","5","0","24687784","0.662886","2.188037"
"167","2","5","1","24758852","0.652514","2.192078"
"167","2","5","2","24829922","0.64082","2.196147"
"168","1","5","-2","21028472","1.135813","1.89251"
"168","1","5","-1","21077624","1.131295","1.896957"
"168","1","5","0","21126776","1.126993","1.900763"
"168","1","5","1","21175928","1.121977","1.904115"
"168","1","5","2","21225078","1.116418","1.907755"
"168","2","5","-2","24544282","0.683335","2.176555"
"168","2","5","-1","24615352","0.6728","2.182792"
"168","2","5","0","24686420","0.663088","2.188174"
"168","2","5","1","24757492","0.652757","2.191992"
"168","2","5","2","24828560","0.641084","2.195813"
"169","1","5","-2","21014576","1.137255","1.891137"
"169","1","5","-1","21063728","1.132533","1.895709"
"169","1","5","0","21112880","1.128217","1.899812"
"169","1","5","1","21162030","1.123443","1.903209"
"169","1","5","2","21211182","1.117936","1.906752"
"169","2","5","-2","24548776","0.682677","2.177073"
"169","2","5","-1","24619846","0.672217","2.183004"
"169","2","5","0","24690916","0.662522","2.188236"
"169","2","5","1","24761986","0.652025","2.192091"
"169","2","5","2","24833056","0.640254","2.196135"
"170","1","5","-2","21026724","1.136042","1.892308"
"170","1","5","-1","21075876","1.131416","1.896827"
"170","1","5","0","21125028","1.127045","1.900715"
"170","1","5","1","21174180","1.122107","1.904025"
"170","1","5","2","21223332","1.116644","1.907635"
"170","2","5","-2","24538152","0.684348","2.17598"
"170","2","5","-1","24609224","0.673643","2.182103"
"170","2","5","0","24680292","0.663926","2.187542"
"170","2","5","1","24751362","0.653673","2.191637"
"170","2","5","2","24822432","0.642084","2.195698"
"171","1","5","-2","21024792","1.136183","1.892153"
"171","1","5","-1","21073942","1.131626","1.896647"
"171","1","5","0","21123094","1.127337","1.90051"
"171","1","5","1","21172244","1.122368","1.903855"
"171","1","5","2","21221396","1.116836","1.907501"
"171","2","5","-2","24549084","0.682576","2.176942"
"171","2","5","-1","24620154","0.672138","2.18313"
"171","2","5","0","24691224","0.662463","2.188468"
"171","2","5","1","24762292","0.652022","2.192267"
"171","2","5","2","24833364","0.64032","2.196093"
"172","1","5","-2","21015822","1.137128","1.891273"
"172","1","5","-1","21064974","1.132451","1.895842"
"172","1","5","0","21114124","1.128126","1.89989"
"172","1","5","1","21163276","1.123361","1.90325"
"172","1","5","2","21212428","1.117812","1.906832"
"172","2","5","-2","24546220","0.683083","2.176893"
"172","2","5","-1","24617292","0.672591","2.182843"
"172","2","5","0","24688360","0.662852","2.188115"
"172","2","5","1","24759432","0.652483","2.191955"
"172","2","5","2","24830500","0.64074","2.195973"
"173","1","5","-2","21023822","1.136376","1.892036"
"173","1","5","-1","21072972","1.131716","1.896535"
"173","1","5","0","21122124","1.127353","1.900499"
"173","1","5","1","21171276","1.122436","1.903799"
"173","1","5","2","21220428","1.116919","1.907388"
"173","2","5","-2","24541664","0.683829","2.176265"
"173","2","5","-1","24612736","0.673185","2.18238"
"173","2","5","0","24683804","0.663469","2.187754"
"173","2","5","1","24754876","0.65315","2.19173"
"173","2","5","2","24825944","0.641518","2.195749"
"174","1","5","-2","21024720","1.136193","1.892107"
"174","1","5","-1","21073870","1.131575","1.896652"
"174","1","5","0","21123022","1.12732","1.900581"
"174","1","5","1","21172172","1.1224","1.903818"
"174","1","5","2","21221324","1.116888","1.907474"
"174","2","5","-2","24547348","0.68289","2.176785"
"174","2","5","-1","24618418","0.672373","2.182846"
"174","2","5","0","24689488","0.662698","2.188285"
"174","2","5","1","24760558","0.652257","2.192189"
"174","2","5","2","24831628","0.640579","2.196"
"175","1","5","-2","21021768","1.136569","1.891838"
"175","1","5","-1","21070920","1.131939","1.896359"
"175","1","5","0","21120070","1.127609","1.90029"
"175","1","5","1","21169222","1.122719","1.903656"
"175","1","5","2","21218372","1.117185","1.90724"
"175","2","5","-2","24549544","0.682558","2.177137"
"175","2","5","-1","24620612","0.67206","2.1832"
"175","2","5","0","24691684","0.662386","2.188452"
"175","2","5","1","24762752","0.651933","2.192138"
"175","2","5","2","24833824","0.640201","2.196149"
"176","1","5","-2","21021252","1.136636","1.891782"
"176","1","5","-1","21070402","1.131969","1.896276"
"176","1","5","0","21119554","1.127678","1.900277"
"176","1","5","1","21168704","1.122728","1.903643"
"176","1","5","2","21217856","1.117192","1.907221"
"176","2","5","-2","24541892","0.683785","2.176436"
"176","2","5","-1","24612960","0.673196","2.1824"
"176","2","5","0","24684030","0.663428","2.187775"
"176","2","5","1","24755100","0.653088","2.191742"
"176","2","5","2","24826170","0.6415","2.195643"
"177","1","5","-2","21021406","1.136543","1.89177"
"177","1","5","-1","21070556","1.131879","1.896353"
"177","1","5","0","21119708","1.127554","1.900336"
"177","1","5","1","21168860","1.122731","1.903654"
"177","1","5","2","21218012","1.117242","1.907203"
"177","2","5","-2","24548744","0.682667","2.176934"
"177","2","5","-1","24619812","0.672205","2.182937"
"177","2","5","0","24690882","0.662466","2.188234"
"177","2","5","1","24761952","0.652064","2.192168"
"177","2","5","2","24833022","0.640317","2.196271"
"178","1","5","-2","21027948","1.135877","1.892427"
"178","1","5","-1","21077100","1.131361","1.896911"
"178","1","5","0","21126252","1.127041","1.900745"
"178","1","5","1","21175404","1.122074","1.904063"
"178","1","5","2","21224556","1.116502","1.907682"
"178","2","5","-2","24542208","0.683691","2.176356"
"178","2","5","-1","24613280","0.673114","2.182605"
"178","2","5","0","24684348","0.663404","2.187993"
"178","2","5","1","24755418","0.653075","2.191859"
"178","2","5","2","24826488","0.641438","2.195726"
"179","1","5","-2","21017194","1.137007","1.891373"
"179","1","5","-1","21066346","1.132315","1.895935"
"179","1","5","0","21115496","1.128004","1.899969"
"179","1","5","1","21164648","1.123155","1.903356"
"179","1","5","2","21213800","1.11765","1.906937"
"179","2","5","-2","24548234","0.682749","2.177038"
"179","2","5","-1","24619304","0.672245","2.182978"
"179","2","5","0","24690372","0.662574","2.188176"
"179","2","5","1","24761444","0.652075","2.192089"
"179","2","5","2","24832512","0.6404","2.196019"
"180","1","5","-2","21023436","1.136353","1.891991"
"180","1","5","-1","21072586","1.131704","1.896546"
"180","1","5","0","21121738","1.127374","1.900463"
"180","1","5","1","21170888","1.122489","1.903809"
"180","1","5","2","21220040","1.117026","1.907375"
"180","2","5","-2","24541976","0.683714","2.176329"
"180","2","5","-1","24613046","0.673145","2.182385"
"180","2","5","0","24684116","0.663337","2.187807"
"180","2","5","1","24755186","0.653125","2.191789"
"180","2","5","2","24826256","0.641469","2.195861"
"181","1","5","-2","21025662","1.136109","1.892215"
"181","1","5","-1","21074814","1.131556","1.896727"
"181","1","5","0","21123964","1.127247","1.900586"
"181","1","5","1","21173116","1.122277","1.903913"
"181","1","5","2","21222268","1.116755","1.907538"
"181","2","5","-2","24548644","0.682682","2.176869"
"181","2","5","-1","24619714","0.672193","2.183084"
"181","2","5","0","24690784","0.662467","2.188438"
"181","2","5","1","24761852","0.65206","2.19224"
"181","2","5","2","24832924","0.640338","2.196123"
"182","1","5","-2","21017656","1.13695","1.891426"
"182","1","5","-1","21066808","1.132249","1.895974"
"182","1","5","0","21115960","1.127951","1.900038"
"182","1","5","1","21165112","1.123153","1.903386"
"182","1","5","2","21214262","1.117607","1.906958"
"182","2","5","-2","24547658","0.682849","2.177005"
"182","2","5","-1","24618728","0.672344","2.183034"
"182","2","5","0","24689796","0.662654","2.188131"
"182","2","5","1","24760868","0.65221","2.192046"
"182","2","5","2","24831936","0.640501","2.196005"
"183","1","5","-2","21025736","1.136124","1.892199"
"183","1","5","-1","21074888","1.131532","1.896728"
"183","1","5","0","21124040","1.12714","1.900645"
"183","1","5","1","21173190","1.122208","1.903972"
"183","1","5","2","21222342","1.116743","1.907561"
"183","2","5","-2","24540108","0.684011","2.176171"
"183","2","5","-1","24611180","0.673389","2.18222"
"183","2","5","0","24682248","0.663611","2.187704"
"183","2","5","1","24753318","0.653368","2.191648"
"183","2","5","2","24824388","0.641761","2.195772"
"184","1","5","-2","21024352","1.136226","1.892102"
"184","1","5","-1","21073504","1.131663","1.896634"
"184","1","5","0","21122656","1.127381","1.900475"
"184","1","5","1","21171808","1.122448","1.903807"
"184","1","5","2","21220958","1.11688","1.907438"
"184","2","5","-2","24548224","0.682769","2.176858"
"184","2","5","-1","24619292","0.67227","2.182958"
"184","2","5","0","24690362","0.662571","2.188404"
"184","2","5","1","24761432","0.652133","2.192277"
"184","2","5","2","24832502","0.640393","2.196168"
"185","1","5","-2","21016364","1.137098","1.89132"
"185","1","5","-1","21065516","1.132388","1.895872"
"185","1","5","0","21114666","1.128083","1.899923"
"185","1","5","1","21163818","1.123301","1.903315"
"185","1","5","2","21212968","1.117741","1.906838"
"185","2","5","-2","24547744","0.682833","2.176998"
"185","2","5","-1","24618812","0.672331","2.183042"
"185","2","5","0","24689882","0.662674","2.188159"
"185","2","5","1","24760952","0.652187","2.192016"
"185","2","5","2","24832022","0.640485","2.196053"
"186","1","5","-2","21025752","1.136129","1.892206"
"186","1","5","-1","21074904","1.131551","1.896735"
"186","1","5","0","21124056","1.12717","1.900645"
"186","1","5","1","21173208","1.122205","1.903972"
"186","1","5","2","21222358","1.116695","1.90756"
"186","2","5","-2","24537692","0.684395","2.175993"
"186","2","5","-1","24608762","0.673792","2.182024"
"186","2","5","0","24679832","0.663981","2.187535"
"186","2","5","1","24750902","0.653779","2.191493"
"186","2","5","2","24821972","0.64216","2.195558"
"187","1","5","-2","21021916","1.136472","1.891861"
"187","1","5","-1","21071068","1.131792","1.896398"
"187","1","5","0","21120220","1.127542","1.900344"
"187","1","5","1","21169372","1.122682","1.903674"
"187","1","5","2","21218524","1.117174","1.907271"
"187","2","5","-2","24547904","0.682809","2.1768"
"187","2","5","-1","24618974","0.672285","2.182922"
"187","2","5","0","24690044","0.662615","2.188356"
"187","2","5","1","24761114","0.652182","2.192248"
"187","2","5","2","24832184","0.64048","2.196224"
"188","1","5","-2","21024108","1.1363","1.892085"
"188","1","5","-1","21073258","1.131699","1.896562"
"188","1","5","0","21122410","1.127384","1.900519"
"188","1","5","1","21171560","1.12244","1.903807"
"188","1","5","2","21220712","1.116909","1.907437"
"188","2","5","-2","24547168","0.682947","2.176958"
"188","2","5","-1","24618238","0.672422","2.183077"
"188","2","5","0","24689308","0.662743","2.188235"
"188","2","5","1","24760378","0.652293","2.192051"
"188","2","5","2","24831448","0.640621","2.196"
"189","1","5","-2","21020216","1.136679","1.891701"
"189","1","5","-1","21069368","1.132043","1.89624"
"189","1","5","0","21118520","1.127696","1.900262"
"189","1","5","1","21167670","1.12279","1.903578"
"189","1","5","2","21216822","1.117297","1.907163"
"189","2","5","-2","24541692","0.683801","2.1764"
"189","2","5","-1","24612764","0.673235","2.18239"
"189","2","5","0","24683832","0.663449","2.187842"
"189","2","5","1","24754904","0.653146","2.191755"
"189","2","5","2","24825972","0.641465","2.195715"
"190","1","5","-2","21023036","1.13638","1.891966"
"190","1","5","-1","21072188","1.131717","1.896492"
"190","1","5","0","21121340","1.127406","1.900468"
"190","1","5","1","21170492","1.122598","1.903783"
"190","1","5","2","21219644","1.117072","1.907347"
"190","2","5","-2","24547296","0.682939","2.176818"
"190","2","5","-1","24618368","0.672376","2.182878"
"190","2","5","0","24689436","0.662709","2.188214"
"190","2","5","1","24760508","0.652294","2.192249"
"190","2","5","2","24831576","0.640553","2.196261"
"191","1","5","-2","21027894","1.1359","1.892454"
"191","1","5","-1","21077044","1.131369","1.896911"
"191","1","5","0","21126196","1.127045","1.900786"
"191","1","5","1","21175348","1.122046","1.90409"
"191","1","5","2","21224500","1.116507","1.907724"
"191","2","5","-2","24545302","0.683244","2.176754"
"191","2","5","-1","24616372","0.672727","2.182912"
"191","2","5","0","24687442","0.662997","2.188229"
"191","2","5","1","24758512","0.652618","2.192012"
"191","2","5","2","24829580","0.640959","2.195911"
"192","1","5","-2","21017694","1.13694","1.891435"
"192","1","5","-1","21066846","1.132291","1.896013"
"192","1","5","0","21115996","1.127965","1.900027"
"192","1","5","1","21165148","1.123069","1.90342"
"192","1","5","2","21214300","1.117594","1.906966"
"192","2","5","-2","24545836","0.683158","2.176825"
"192","2","5","-1","24616906","0.67265","2.182736"
"192","2","5","0","24687976","0.662903","2.18808"
"192","2","5","1","24759046","0.652512","2.191957"
"192","2","5","2","24830116","0.640817","2.195943"
"193","1","5","-2","21022420","1.136488","1.891881"
"193","1","5","-1","21071570","1.131783","1.896473"
"193","1","5","0","21120722","1.127469","1.900446"
"193","1","5","1","21169872","1.122616","1.903744"
"193","1","5","2","21219024","1.117128","1.907287"
"193","2","5","-2","24544288","0.68341","2.176544"
"193","2","5","-1","24615358","0.6728","2.182624"
"193","2","5","0","24686428","0.663124","2.187952"
"193","2","5","1","24757498","0.65273","2.191993"
"193","2","5","2","24828568","0.641134","2.195946"
"194","1","5","-2","21029436","1.135728","1.892601"
"194","1","5","-1","21078588","1.131234","1.897024"
"194","1","5","0","21127740","1.126953","1.900884"
"194","1","5","1","21176892","1.121867","1.904197"
"194","1","5","2","21226044","1.116346","1.907841"
"194","2","5","-2","24548076","0.68279","2.176851"
"194","2","5","-1","24619144","0.672326","2.183086"
"194","2","5","0","24690214","0.662597","2.188403"
"194","2","5","1","24761284","0.652156","2.192177"
"194","2","5","2","24832354","0.640509","2.196081"
"195","1","5","-2","21014360","1.137295","1.891157"
"195","1","5","-1","21063512","1.132612","1.89569"
"195","1","5","0","21112664","1.128261","1.899768"
"195","1","5","1","21161816","1.123498","1.903177"
"195","1","5","2","21210966","1.118","1.906719"
"195","2","5","-2","24546100","0.683107","2.176904"
"195","2","5","-1","24617172","0.672658","2.18283"
"195","2","5","0","24688240","0.66292","2.188101"
"195","2","5","1","24759312","0.65248","2.191972"
"195","2","5","2","24830380","0.640742","2.195992"
"196","1","5","-2","21024756","1.136241","1.892099"
"196","1","5","-1","21073908","1.131613","1.896658"
"196","1","5","0","21123060","1.127261","1.900591"
"196","1","5","1","21172212","1.122311","1.903925"
"196","1","5","2","21221364","1.116848","1.907475"
"196","2","5","-2","24538936","0.684253","2.176098"
"196","2","5","-1","24610008","0.673613","2.182194"
"196","2","5","0","24681076","0.663837","2.187635"
"196","2","5","1","24752146","0.653576","2.191681"
"196","2","5","2","24823216","0.641993","2.19577"
"197","1","5","-2","21025508","1.136092","1.892211"
"197","1","5","-1","21074660","1.131534","1.896744"
"197","1","5","0","21123812","1.127279","1.900592"
"197","1","5","1","21172962","1.122298","1.9039"
"197","1","5","2","21222114","1.116781","1.907534"
"197","2","5","-2","24548012","0.682824","2.176853"
"197","2","5","-1","24619082","0.672326","2.183057"
"197","2","5","0","24690152","0.662624","2.188428"
"197","2","5","1","24761220","0.65218","2.1923"
"197","2","5","2","24832292","0.640498","2.196113"
"198","1","5","-2","21016872","1.137018","1.89138"
"198","1","5","-1","21066024","1.132332","1.895957"
"198","1","5","0","21115174","1.128014","1.899988"
"198","1","5","1","21164326","1.123233","1.903346"
"198","1","5","2","21213476","1.117697","1.906919"
"198","2","5","-2","24548726","0.682731","2.177164"
"198","2","5","-1","24619796","0.672258","2.183151"
"198","2","5","0","24690866","0.662555","2.188298"
"198","2","5","1","24761936","0.65211","2.192128"
"198","2","5","2","24833004","0.640342","2.196153"
"199","1","5","-2","21024826","1.136227","1.892148"
"199","1","5","-1","21073978","1.131596","1.896665"
"199","1","5","0","21123128","1.127234","1.90061"
"199","1","5","1","21172280","1.122287","1.903937"
"199","1","5","2","21221432","1.116826","1.907514"
"199","2","5","-2","24538564","0.684324","2.176056"
"199","2","5","-1","24609632","0.673646","2.182204"
"199","2","5","0","24680704","0.663899","2.187634"
"199","2","5","1","24751772","0.653617","2.191632"
"199","2","5","2","24822842","0.642056","2.195641"
"200","1","5","-2","21024932","1.136152","1.892182"
"200","1","5","-1","21074084","1.131543","1.89669"
"200","1","5","0","21123236","1.127294","1.900592"
"200","1","5","1","21172388","1.122381","1.903885"
"200","1","5","2","21221540","1.11683","1.907509"
"200","2","5","-2","24549288","0.682621","2.177"
"200","2","5","-1","24620358","0.672155","2.183042"
"200","2","5","0","24691428","0.662426","2.188516"
"200","2","5","1","24762498","0.651994","2.192384"
"200","2","5","2","24833568","0.640321","2.196278"
"201","1","5","-2","21020524","1.136673","1.891712"
"201","1","5","-1","21069676","1.132056","1.89626"
"201","1","5","0","21118826","1.12772","1.900259"
"201","1","5","1","21167978","1.122843","1.903619"
"201","1","5","2","21217128","1.1173","1.907191"
"201","2","5","-2","24550144","0.682525","2.177275"
"201","2","5","-1","24621214","0.672018","2.183334"
"201","2","5","0","24692284","0.662366","2.188453"
"201","2","5","1","24763354","0.651876","2.192192"
"201","2","5","2","24834424","0.640113","2.196263"
"202","1","5","-2","21022324","1.136494","1.891907"
"202","1","5","-1","21071476","1.131829","1.896425"
"202","1","5","0","21120628","1.12751","1.900417"
"202","1","5","1","21169780","1.12258","1.903776"
"202","1","5","2","21218930","1.117078","1.90733"
"202","2","5","-2","24537752","0.684435","2.176026"
"202","2","5","-1","24608824","0.673814","2.182107"
"202","2","5","0","24679892","0.664025","2.187563"
"202","2","5","1","24750962","0.653767","2.1916"
"202","2","5","2","24822032","0.642205","2.195527"
"203","1","5","-2","21024532","1.136218","1.892121"
"203","1","5","-1","21073684","1.131568","1.896647"
"203","1","5","0","21122836","1.127353","1.900538"
"203","1","5","1","21171988","1.122449","1.903841"
"203","1","5","2","21221140","1.116901","1.907481"
"203","2","5","-2","24549886","0.68253","2.177092"
"203","2","5","-1","24620956","0.67206","2.183108"
"203","2","5","0","24692024","0.662345","2.188528"
"203","2","5","1","24763096","0.65191","2.192415"
"203","2","5","2","24834164","0.640195","2.196346"
"204","1","5","-2","21021006","1.13663","1.891768"
"204","1","5","-1","21070156","1.131967","1.896312"
"204","1","5","0","21119308","1.127658","1.900308"
"204","1","5","1","21168460","1.122786","1.903624"
"204","1","5","2","21217612","1.117271","1.907222"
"204","2","5","-2","24548148","0.682806","2.177104"
"204","2","5","-1","24619216","0.672336","2.18315"
"204","2","5","0","24690288","0.66265","2.188353"
"204","2","5","1","24761356","0.652216","2.192108"
"204","2","5","2","24832426","0.640472","2.196135"
"205","1","5","-2","21024058","1.136309","1.892079"
"205","1","5","-1","21073208","1.131719","1.896575"
"205","1","5","0","21122360","1.127349","1.900548"
"205","1","5","1","21171512","1.122373","1.903882"
"205","1","5","2","21220664","1.116861","1.907444"
"205","2","5","-2","24539204","0.684219","2.176203"
"205","2","5","-1","24610276","0.673612","2.182209"
"205","2","5","0","24681344","0.66384","2.187667"
"205","2","5","1","24752414","0.653533","2.191638"
"205","2","5","2","24823484","0.641957","2.195571"
"206","1","5","-2","21021934","1.136492","1.891871"
"206","1","5","-1","21071086","1.13184","1.896379"
"206","1","5","0","21120236","1.127512","1.900386"
"206","1","5","1","21169388","1.122717","1.903673"
"206","1","5","2","21218540","1.117207","1.907281"
"206","2","5","-2","24548752","0.682719","2.176991"
"206","2","5","-1","24619824","0.672244","2.182976"
"206","2","5","0","24690892","0.662502","2.188333"
"206","2","5","1","24761964","0.652094","2.19234"
"206","2","5","2","24833032","0.640345","2.196325"
"207","1","5","-2","21026716","1.136014","1.892309"
"207","1","5","-1","21075868","1.131484","1.896824"
"207","1","5","0","21125020","1.127133","1.900694"
"207","1","5","1","21174170","1.12216","1.904059"
"207","1","5","2","21223322","1.116629","1.90764"
"207","2","5","-2","24545840","0.683198","2.176812"
"207","2","5","-1","24616910","0.672668","2.182977"
"207","2","5","0","24687980","0.662965","2.188268"
"207","2","5","1","24759050","0.65255","2.192023"
"207","2","5","2","24830120","0.640841","2.196024"
"208","1","5","-2","21019332","1.136775","1.891622"
"208","1","5","-1","21068482","1.13212","1.89619"
"208","1","5","0","21117634","1.127828","1.900191"
"208","1","5","1","21166784","1.122882","1.903522"
"208","1","5","2","21215936","1.117373","1.907102"
"208","2","5","-2","24542258","0.683743","2.176503"
"208","2","5","-1","24613328","0.673124","2.182525"
"208","2","5","0","24684396","0.663448","2.18785"
"208","2","5","1","24755468","0.653087","2.191816"
"208","2","5","2","24826536","0.641452","2.195741"
"209","1","5","-2","21020852","1.136575","1.891751"
"209","1","5","-1","21070004","1.131942","1.896286"
"209","1","5","0","21119156","1.127601","1.900327"
"209","1","5","1","21168308","1.122801","1.903624"
"209","1","5","2","21217460","1.117333","1.907192"
"209","2","5","-2","24546120","0.683105","2.176737"
"209","2","5","-1","24617188","0.672588","2.182788"
"209","2","5","0","24688258","0.662861","2.188134"
"209","2","5","1","24759328","0.652505","2.192176"
"209","2","5","2","24830398","0.640802","2.196208"
"210","1","5","-2","21027998","1.135893","1.892444"
"210","1","5","-1","21077148","1.131399","1.896922"
"210","1","5","0","21126300","1.127034","1.900781"
"210","1","5","1","21175452","1.122046","1.904113"
"210","1","5","2","21224604","1.116509","1.907703"
"210","2","5","-2","24545616","0.683243","2.176753"
"210","2","5","-1","24616686","0.672679","2.182963"
"210","2","5","0","24687756","0.66296","2.188294"
"210","2","5","1","24758824","0.652602","2.191825"
"210","2","5","2","24829896","0.640962","2.195916"
"211","1","5","-2","21018160","1.136892","1.891506"
"211","1","5","-1","21067312","1.132216","1.896069"
"211","1","5","0","21116464","1.127903","1.900076"
"211","1","5","1","21165616","1.123061","1.903419"
"211","1","5","2","21214768","1.117527","1.907025"
"211","2","5","-2","24544120","0.683433","2.176752"
"211","2","5","-1","24615190","0.672925","2.182683"
"211","2","5","0","24686260","0.663184","2.187972"
"211","2","5","1","24757328","0.652832","2.191903"
"211","2","5","2","24828400","0.641157","2.195831"
"212","1","5","-2","21022412","1.136488","1.891874"
"212","1","5","-1","21071564","1.131836","1.896447"
"212","1","5","0","21120716","1.127454","1.90043"
"212","1","5","1","21169868","1.122581","1.903779"
"212","1","5","2","21219020","1.11713","1.907328"
"212","2","5","-2","24544038","0.683473","2.176591"
"212","2","5","-1","24615108","0.672922","2.182623"
"212","2","5","0","24686176","0.663143","2.18799"
"212","2","5","1","24757248","0.652848","2.191905"
"212","2","5","2","24828316","0.641154","2.196065"
"213","1","5","-2","21027992","1.135876","1.892433"
"213","1","5","-1","21077144","1.131315","1.896975"
"213","1","5","0","21126296","1.127042","1.900791"
"213","1","5","1","21175446","1.122048","1.904112"
"213","1","5","2","21224598","1.116476","1.907732"
"213","2","5","-2","24544308","0.683451","2.176565"
"213","2","5","-1","24615378","0.672808","2.182737"
"213","2","5","0","24686448","0.663137","2.188206"
"213","2","5","1","24757516","0.652773","2.192089"
"213","2","5","2","24828588","0.641129","2.195907"
"214","1","5","-2","21017826","1.136959","1.891475"
"214","1","5","-1","21066978","1.13226","1.895993"
"214","1","5","0","21116128","1.127957","1.900031"
"214","1","5","1","21165280","1.123118","1.903425"
"214","1","5","2","21214432","1.1176","1.906979"
"214","2","5","-2","24552938","0.68208","2.177526"
"214","2","5","-1","24624008","0.671665","2.183558"
"214","2","5","0","24695078","0.661961","2.188548"
"214","2","5","1","24766148","0.651436","2.192379"
"214","2","5","2","24837216","0.639661","2.19643"
"215","1","5","-2","21024374","1.136291","1.892097"
"215","1","5","-1","21073524","1.131645","1.896617"
"215","1","5","0","21122676","1.127266","1.900569"
"215","1","5","1","21171828","1.122349","1.903886"
"215","1","5","2","21220980","1.116875","1.907493"
"215","2","5","-2","24535960","0.684707","2.175889"
"215","2","5","-1","24607028","0.674075","2.181914"
"215","2","5","0","24678098","0.664226","2.187489"
"215","2","5","1","24749168","0.654086","2.191438"
"215","2","5","2","24820238","0.642489","2.195453"
"216","1","5","-2","21025224","1.13612","1.892183"
"216","1","5","-1","21074376","1.131514","1.89675"
"216","1","5","0","21123528","1.127233","1.900597"
"216","1","5","1","21172680","1.122352","1.9039"
"216","1","5","2","21221832","1.116796","1.907498"
"216","2","5","-2","24551260","0.68234","2.177148"
"216","2","5","-1","24622328","0.671821","2.183252"
"216","2","5","0","24693398","0.66215","2.188572"
"216","2","5","1","24764468","0.651679","2.192469"
"216","2","5","2","24835538","0.639925","2.196489"
"217","1","5","-2","21021928","1.136526","1.891875"
"217","1","5","-1","21071080","1.131898","1.89634"
"217","1","5","0","21120232","1.127604","1.900362"
"217","1","5","1","21169384","1.122678","1.903686"
"217","1","5","2","21218534","1.117171","1.907279"
"217","2","5","-2","24545596","0.683187","2.176903"
"217","2","5","-1","24616664","0.672714","2.182989"
"217","2","5","0","24687736","0.662979","2.188143"
"217","2","5","1","24758804","0.652562","2.191979"
"217","2","5","2","24829874","0.640913","2.195974"
"218","1","5","-2","21021948","1.13652","1.891856"
"218","1","5","-1","21071100","1.131906","1.896375"
"218","1","5","0","21120252","1.127543","1.90036"
"218","1","5","1","21169402","1.12267","1.903687"
"218","1","5","2","21218554","1.117111","1.907351"
"218","2","5","-2","24539808","0.684128","2.176209"
"218","2","5","-1","24610876","0.673533","2.182201"
"218","2","5","0","24681948","0.663726","2.187721"
"218","2","5","1","24753016","0.65349","2.19165"
"218","2","5","2","24824088","0.641839","2.195652"
"219","1","5","-2","21020748","1.136579","1.891767"
"219","1","5","-1","21069900","1.131937","1.896323"
"219","1","5","0","21119052","1.127644","1.900281"
"219","1","5","1","21168204","1.122856","1.903603"
"219","1","5","2","21217354","1.117298","1.907152"
"219","2","5","-2","24549304","0.682654","2.176973"
"219","2","5","-1","24620372","0.672125","2.183065"
"219","2","5","0","24691444","0.66248","2.188364"
"219","2","5","1","24762512","0.651998","2.192367"
"219","2","5","2","24833584","0.640253","2.19636"
"220","1","5","-2","21025080","1.136167","1.892156"
"220","1","5","-1","21074232","1.131589","1.896649"
"220","1","5","0","21123384","1.12731","1.900572"
"220","1","5","1","21172536","1.122321","1.903897"
"220","1","5","2","21221688","1.116797","1.90752"
"220","2","5","-2","24544080","0.683402","2.176667"
"220","2","5","-1","24615150","0.672877","2.182843"
"220","2","5","0","24686220","0.663171","2.188135"
"220","2","5","1","24757290","0.652816","2.191933"
"220","2","5","2","24828360","0.641161","2.195843"
"221","1","5","-2","21018434","1.136853","1.891524"
"221","1","5","-1","21067584","1.132199","1.896088"
"221","1","5","0","21116736","1.12789","1.900088"
"221","1","5","1","21165888","1.123005","1.9035"
"221","1","5","2","21215040","1.117495","1.907025"
"221","2","5","-2","24544640","0.683362","2.176684"
"221","2","5","-1","24615712","0.672859","2.182648"
"221","2","5","0","24686780","0.663097","2.188032"
"221","2","5","1","24757852","0.652724","2.191907"
"221","2","5","2","24828920","0.641025","2.195911"
"222","1","5","-2","21022796","1.136404","1.891944"
"222","1","5","-1","21071948","1.131728","1.896496"
"222","1","5","0","21121098","1.127425","1.900402"
"222","1","5","1","21170250","1.122576","1.903785"
"222","1","5","2","21219400","1.117067","1.90733"
"222","2","5","-2","24544064","0.683456","2.176538"
"222","2","5","-1","24615134","0.672876","2.182661"
"222","2","5","0","24686204","0.663161","2.187984"
"222","2","5","1","24757272","0.652824","2.192008"
"222","2","5","2","24828344","0.64117","2.196074"
"223","1","5","-2","21025884","1.136074","1.892245"
"223","1","5","-1","21075036","1.131522","1.896752"
"223","1","5","0","21124188","1.12725","1.900654"
"223","1","5","1","21173340","1.122249","1.903959"
"223","1","5","2","21222492","1.116715","1.907589"
"223","2","5","-2","24545686","0.683173","2.176699"
"223","2","5","-1","24616756","0.672688","2.18294"
"223","2","5","0","24687824","0.662917","2.188292"
"223","2","5","1","24758896","0.652541","2.192092"
"223","2","5","2","24829964","0.640914","2.195915"
"224","1","5","-2","21017448","1.136983","1.891427"
"224","1","5","-1","21066600","1.132297","1.895985"
"224","1","5","0","21115752","1.127996","1.900025"
"224","1","5","1","21164904","1.123145","1.903356"
"224","1","5","2","21214056","1.11759","1.906963"
"224","2","5","-2","24548812","0.682721","2.177154"
"224","2","5","-1","24619880","0.672252","2.183069"
"224","2","5","0","24690952","0.662525","2.188278"
"224","2","5","1","24762020","0.652084","2.192148"
"224","2","5","2","24833090","0.640292","2.196172"
"225","1","5","-2","21022092","1.13649","1.891871"
"225","1","5","-1","21071244","1.131784","1.896405"
"225","1","5","0","21120396","1.127454","1.90039"
"225","1","5","1","21169548","1.12263","1.903769"
"225","1","5","2","21218700","1.117162","1.907256"
"225","2","5","-2","24539626","0.684138","2.176191"
"225","2","5","-1","24610696","0.673484","2.182276"
"225","2","5","0","24681766","0.663751","2.187678"
"225","2","5","1","24752836","0.653479","2.19175"
"225","2","5","2","24823904","0.641901","2.19581"
"226","1","5","-2","21031060","1.135525","1.892757"
"226","1","5","-1","21080212","1.13105","1.897215"
"226","1","5","0","21129364","1.126742","1.900999"
"226","1","5","1","21178516","1.121655","1.904315"
"226","1","5","2","21227668","1.116113","1.907972"
"226","2","5","-2","24548248","0.682769","2.176916"
"226","2","5","-1","24619316","0.672333","2.183097"
"226","2","5","0","24690388","0.662628","2.188458"
"226","2","5","1","24761456","0.652181","2.1923"
"226","2","5","2","24832526","0.640458","2.196087"
"227","1","5","-2","21013456","1.137357","1.891033"
"227","1","5","-1","21062606","1.132666","1.895675"
"227","1","5","0","21111758","1.128333","1.899718"
"227","1","5","1","21160908","1.123579","1.90312"
"227","1","5","2","21210060","1.118051","1.906654"
"227","2","5","-2","24546450","0.683073","2.176987"
"227","2","5","-1","24617520","0.672581","2.182951"
"227","2","5","0","24688590","0.662865","2.188134"
"227","2","5","1","24759660","0.65245","2.191998"
"227","2","5","2","24830728","0.640705","2.196031"
"228","1","5","-2","21024592","1.136238","1.892087"
"228","1","5","-1","21073744","1.131642","1.896588"
"228","1","5","0","21122894","1.127282","1.900593"
"228","1","5","1","21172046","1.122331","1.903906"
"228","1","5","2","21221196","1.116831","1.907509"
"228","2","5","-2","24538748","0.684296","2.176091"
"228","2","5","-1","24609816","0.673675","2.182211"
"228","2","5","0","24680886","0.663867","2.18759"
"228","2","5","1","24751956","0.653596","2.191626"
"228","2","5","2","24823026","0.641998","2.19556"
"229","1","5","-2","21023416","1.13629","1.892018"
"229","1","5","-1","21072566","1.131665","1.896558"
"229","1","5","0","21121718","1.127391","1.900493"
"229","1","5","1","21170868","1.122533","1.903759"
"229","1","5","2","21220020","1.117028","1.907337"
"229","2","5","-2","24548538","0.682762","2.17692"
"229","2","5","-1","24619608","0.672249","2.182962"
"229","2","5","0","24690678","0.662534","2.188355"
"229","2","5","1","24761748","0.652102","2.192341"
"229","2","5","2","24832816","0.64037","2.196297"
"230","1","5","-2","21024718","1.136217","1.892133"
"230","1","5","-1","21073870","1.131611","1.896622"
"230","1","5","0","21123020","1.127302","1.900541"
"230","1","5","1","21172172","1.122371","1.903878"
"230","1","5","2","21221324","1.116855","1.907477"
"230","2","5","-2","24547328","0.682963","2.17695"
"230","2","5","-1","24618400","0.672426","2.183112"
"230","2","5","0","24689468","0.662722","2.188358"
"230","2","5","1","24760538","0.652326","2.192048"
"230","2","5","2","24831608","0.640608","2.196083"
"232","1","3","-1","21070676","1.131893","1.896365"
"232","1","3","0","21119826","1.127581","1.90033"
"232","1","3","1","21168978","1.122695","1.903663"
"232","2","3","-1","24618768","0.672349","2.183008"
"232","2","3","0","24689838","0.662666","2.188417"
"232","2","3","1","24760908","0.652232","2.19228"
"235","1","3","-1","21071564","1.131843","1.896427"
"235","1","3","0","21120716","1.127453","1.900435"
"235","1","3","1","21169866","1.122556","1.903775"
"235","2","3","-1","24614452","0.672994","2.182704"
"235","2","3","0","24685520","0.663262","2.187936"
"235","2","3","1","24756592","0.65288","2.191891"
"236","1","3","-1","21069952","1.131985","1.896292"
"236","1","3","0","21119104","1.127679","1.900262"
"236","1","3","1","21168254","1.122779","1.903635"
"236","2","3","-1","24612598","0.673234","2.182635"
"236","2","3","0","24683668","0.66352","2.188061"
"236","2","3","1","24754738","0.653224","2.191828"
"237","1","3","-1","21069684","1.131998","1.896268"
"237","1","3","0","21118836","1.127702","1.900238"
"237","1","3","1","21167988","1.122803","1.903566"
"237","2","3","-1","24613288","0.673172","2.182429"
"237","2","3","0","24684356","0.663366","2.187998"
"237","2","3","1","24755428","0.653073","2.191998"
"238","1","3","-1","21068564","1.132036","1.896219"
"238","1","3","0","21117716","1.127774","1.90017"
"238","1","3","1","21166868","1.12295","1.903522"
"238","2","3","-1","24623280","0.67171","2.18334"
"238","2","3","0","24694348","0.662058","2.188479"
"238","2","3","1","24765420","0.651461","2.192358"
"241","1","3","-1","21068722","1.132091","1.896171"
"241","1","3","0","21117872","1.127755","1.900169"
"241","1","3","1","21167024","1.122945","1.90357"
"241","2","3","-1","24610124","0.673562","2.182273"
"241","2","3","0","24681192","0.663809","2.187876"
"241","2","3","1","24752264","0.653571","2.191818"
"242","1","3","-1","21072440","1.131717","1.896534"
"242","1","3","0","21121592","1.127468","1.900461"
"242","1","3","1","21170744","1.122545","1.903766"
"242","2","3","-1","24621078","0.672037","2.183101"
"242","2","3","0","24692148","0.66232","2.188373"
"242","2","3","1","24763218","0.6519","2.192331"
"243","1","3","-1","21069586","1.131944","1.896283"
"243","1","3","0","21118738","1.127647","1.900278"
"243","1","3","1","21167888","1.122862","1.903589"
"243","2","3","-1","24619884","0.672222","2.183011"
"243","2","3","0","24690952","0.662499","2.188306"
"243","2","3","1","24762022","0.651999","2.192138"
"244","1","3","-1","21072796","1.131736","1.896554"
"244","1","3","0","21121948","1.12737","1.900464"
"244","1","3","1","21171100","1.122423","1.903815"
"244","2","3","-1","24614664","0.672956","2.18269"
"244","2","3","0","24685732","0.663203","2.187956"
"244","2","3","1","24756804","0.652886","2.191869"
"247","1","3","-1","21069620","1.131942","1.896269"
"247","1","3","0","21118772","1.127664","1.900229"
"247","1","3","1","21167924","1.122821","1.903595"
"247","2","3","-1","24620888","0.672087","2.183084"
"247","2","3","0","24691960","0.662333","2.188365"
"247","2","3","1","24763028","0.651899","2.192175"
"248","1","3","-1","21071420","1.131795","1.896456"
"248","1","3","0","21120572","1.127445","1.900398"
"248","1","3","1","21169724","1.122582","1.903744"
"248","2","3","-1","24615584","0.672822","2.182726"
"248","2","3","0","24686656","0.663108","2.187993"
"248","2","3","1","24757724","0.652695","2.191963"
"249","1","3","-1","21069844","1.131988","1.896316"
"249","1","3","0","21118996","1.127672","1.900283"
"249","1","3","1","21168146","1.122764","1.903623"
"249","2","3","-1","24614726","0.672915","2.182797"
"249","2","3","0","24685796","0.663201","2.188117"
"249","2","3","1","24756866","0.652872","2.191851"
"251","1","3","-1","21069784","1.131923","1.896322"
"251","1","3","0","21118936","1.127654","1.900294"
"251","1","3","1","21168088","1.122803","1.903595"
"251","2","3","-1","24621704","0.671916","2.183187"
"251","2","3","0","24692776","0.662217","2.188379"
"251","2","3","1","24763844","0.651725","2.192287"
"253","1","3","-1","21071644","1.131823","1.896438"
"253","1","3","0","21120794","1.127466","1.900394"
"253","1","3","1","21169946","1.122545","1.903755"
"253","2","3","-1","24616248","0.672722","2.182905"
"253","2","3","0","24687318","0.663012","2.188111"
"253","2","3","1","24758388","0.652636","2.191971"
"254","1","3","-1","21068686","1.132109","1.896208"
"254","1","3","0","21117838","1.127755","1.900168"
"254","1","3","1","21166988","1.122943","1.903537"
"254","2","3","-1","24611500","0.673384","2.18245"
"254","2","3","0","24682568","0.663658","2.187954"
"254","2","3","1","24753640","0.653374","2.191841"
"255","1","3","-1","21069914","1.131975","1.896293"
"255","1","3","0","21119064","1.127677","1.900282"
"255","1","3","1","21168216","1.122789","1.903623"
"255","2","3","-1","24617624","0.672559","2.182793"
"255","2","3","0","24688692","0.662788","2.188176"
"255","2","3","1","24759762","0.652433","2.192216"
"258","1","3","-1","21069940","1.131989","1.896272"
"258","1","3","0","21119092","1.127675","1.900272"
"258","1","3","1","21168244","1.122715","1.903634"
"258","2","3","-1","24615792","0.672801","2.182891"
"258","2","3","0","24686860","0.663062","2.188167"
"258","2","3","1","24757932","0.652703","2.191938"
"259","1","3","-1","21068116","1.132139","1.896125"
"259","1","3","0","21117268","1.127832","1.900148"
"259","1","3","1","21166420","1.123004","1.903464"
"259","2","3","-1","24610868","0.673434","2.182327"
"259","2","3","0","24681936","0.663722","2.187901"
"259","2","3","1","24753008","0.65347","2.191876"
"260","1","3","-1","21070672","1.131894","1.896386"
"260","1","3","0","21119824","1.127602","1.900323"
"260","1","3","1","21168976","1.122704","1.90365"
"260","2","3","-1","24621952","0.671934","2.18315"
"260","2","3","0","24693022","0.66218","2.188423"
"260","2","3","1","24764092","0.651712","2.192383"
"261","1","3","-1","21068536","1.132019","1.896218"
"261","1","3","0","21117688","1.127711","1.900208"
"261","1","3","1","21166840","1.12295","1.903536"
"261","2","3","-1","24619658","0.672267","2.182993"
"261","2","3","0","24690728","0.66255","2.188283"
"261","2","3","1","24761798","0.652042","2.192117"
"264","1","3","-1","21072404","1.131787","1.896473"
"264","1","3","0","21121554","1.127428","1.900406"
"264","1","3","1","21170706","1.122542","1.903782"
"264","2","3","-1","24613270","0.673097","2.182473"
"264","2","3","0","24684340","0.663392","2.187867"
"264","2","3","1","24755410","0.653073","2.191992"
"265","1","3","-1","21070204","1.131899","1.896313"
"265","1","3","0","21119356","1.127602","1.900296"
"265","1","3","1","21168508","1.122789","1.903591"
"265","2","3","-1","24621832","0.671913","2.183167"
"265","2","3","0","24692900","0.662192","2.188403"
"265","2","3","1","24763970","0.651717","2.192225"
"266","1","3","-1","21071686","1.13176","1.896454"
"266","1","3","0","21120838","1.127419","1.90045"
"266","1","3","1","21169988","1.122526","1.903745"
"266","2","3","-1","24615132","0.672926","2.182701"
"266","2","3","0","24686204","0.663176","2.187929"
"266","2","3","1","24757272","0.65277","2.19191"
"268","1","3","-1","21069180","1.132057","1.896215"
"268","1","3","0","21118330","1.127728","1.900219"
"268","1","3","1","21167482","1.122884","1.903572"
"268","2","3","-1","24611084","0.673473","2.182311"
"268","2","3","0","24682152","0.663687","2.187923"
"268","2","3","1","24753222","0.65344","2.191843"
"270","1","3","-1","21071268","1.131828","1.896404"
"270","1","3","0","21120420","1.127451","1.900397"
"270","1","3","1","21169572","1.122603","1.903729"
"270","2","3","-1","24614186","0.673054","2.182511"
"270","2","3","0","24685256","0.663294","2.187935"
"270","2","3","1","24756326","0.652932","2.191806"
"271","1","3","-1","21070976","1.131868","1.896347"
"271","1","3","0","21120128","1.127558","1.900331"
"271","1","3","1","21169278","1.122591","1.903703"
"271","2","3","-1","24615848","0.672779","2.182848"
"271","2","3","0","24686920","0.663058","2.188077"
"271","2","3","1","24757988","0.652704","2.191908"
"272","1","3","-1","21068730","1.132116","1.896159"
"272","1","3","0","21117882","1.127757","1.900192"
"272","1","3","1","21167032","1.122931","1.903529"
"272","2","3","-1","24611352","0.673417","2.182388"
"272","2","3","0","24682420","0.663697","2.187941"
"272","2","3","1","24753490","0.65341","2.191828"
"274","1","3","-1","21069524","1.131953","1.896302"
"274","1","3","0","21118676","1.127638","1.900285"
"274","1","3","1","21167826","1.12285","1.903582"
"274","2","3","-1","24620876","0.672037","2.183147"
"274","2","3","0","24691946","0.662349","2.188331"
"274","2","3","1","24763016","0.651823","2.192195"
"276","1","3","-1","21070188","1.131922","1.89633"
"276","1","3","0","21119340","1.127625","1.900286"
"276","1","3","1","21168490","1.122739","1.903637"
"276","2","3","-1","24613328","0.673154","2.182714"
"276","2","3","0","24684396","0.663379","2.188058"
"276","2","3","1","24755466","0.653087","2.191942"
"277","1","3","-1","21069588","1.132022","1.89627"
"277","1","3","0","21118740","1.127683","1.900244"
"277","1","3","1","21167892","1.122807","1.903582"
"277","2","3","-1","24614144","0.672984","2.182548"
"277","2","3","0","24685216","0.663255","2.188013"
"277","2","3","1","24756284","0.652956","2.192056"
"278","1","3","-1","21068680","1.132002","1.896234"
"278","1","3","0","21117832","1.127755","1.900199"
"278","1","3","1","21166982","1.122925","1.903515"
"278","2","3","-1","24622784","0.671816","2.183251"
"278","2","3","0","24693852","0.66208","2.188485"
"278","2","3","1","24764924","0.651578","2.192273"
"281","1","3","-1","21070440","1.13192","1.896313"
"281","1","3","0","21119592","1.127621","1.900335"
"281","1","3","1","21168742","1.122701","1.903681"
"281","2","3","-1","24611990","0.673329","2.182356"
"281","2","3","0","24683060","0.663598","2.188"
"281","2","3","1","24754130","0.653317","2.191979"
"282","1","3","-1","21070652","1.131837","1.896408"
"282","1","3","0","21119802","1.127566","1.900352"
"282","1","3","1","21168954","1.122689","1.903704"
"282","2","3","-1","24624496","0.671552","2.183494"
"282","2","3","0","24695566","0.661879","2.188591"
"282","2","3","1","24766636","0.651283","2.192506"
"283","1","3","-1","21070564","1.131804","1.896441"
"283","1","3","0","21119716","1.127462","1.900401"
"283","1","3","1","21168868","1.12263","1.903706"
"283","2","3","-1","24614370","0.673051","2.182654"
"283","2","3","0","24685440","0.663292","2.188034"
"283","2","3","1","24756510","0.652947","2.191886"
"284","1","3","-1","21069860","1.131925","1.896332"
"284","1","3","0","21119012","1.127582","1.900317"
"284","1","3","1","21168164","1.122684","1.903676"
"284","2","3","-1","24614600","0.672987","2.182838"
"284","2","3","0","24685668","0.663306","2.188074"
"284","2","3","1","24756740","0.652936","2.191936"
"287","1","3","-1","21070352","1.131816","1.896381"
"287","1","3","0","21119502","1.127524","1.900372"
"287","1","3","1","21168654","1.122696","1.903689"
"287","2","3","-1","24621426","0.672048","2.183249"
"287","2","3","0","24692496","0.66232","2.18847"
"287","2","3","1","24763566","0.651802","2.192317"
"288","1","3","-1","21072184","1.131714","1.896507"
"288","1","3","0","21121336","1.127313","1.900501"
"288","1","3","1","21170488","1.122417","1.903818"
"288","2","3","-1","24614030","0.673097","2.182776"
"288","2","3","0","24685100","0.66336","2.188001"
"288","2","3","1","24756168","0.653052","2.19188"
"289","1","3","-1","21069348","1.131989","1.896276"
"289","1","3","0","21118500","1.127657","1.900273"
"289","1","3","1","21167650","1.122766","1.903603"
"289","2","3","-1","24611324","0.673495","2.182589"
"289","2","3","0","24682392","0.663726","2.188008"
"289","2","3","1","24753462","0.653483","2.191885"
"290","1","3","-1","21068644","1.132097","1.896208"
"290","1","3","0","21117796","1.127735","1.900223"
"290","1","3","1","21166948","1.122892","1.903555"
"290","2","3","-1","24615066","0.672901","2.182686"
"290","2","3","0","24686136","0.6632","2.188128"
"290","2","3","1","24757204","0.65283","2.192164"
"293","1","3","-1","21071334","1.131785","1.896443"
"293","1","3","0","21120484","1.127485","1.900398"
"293","1","3","1","21169636","1.122532","1.903761"
"293","2","3","-1","24614628","0.67298","2.182842"
"293","2","3","0","24685696","0.663272","2.188207"
"293","2","3","1","24756768","0.652946","2.19192"
"294","1","3","-1","21068584","1.13209","1.896178"
"294","1","3","0","21117736","1.127726","1.900203"
"294","1","3","1","21166888","1.122851","1.903547"
"294","2","3","-1","24611694","0.673375","2.182366"
"294","2","3","0","24682764","0.663618","2.187945"
"294","2","3","1","24753834","0.653378","2.191965"
"295","1","3","-1","21069002","1.131959","1.896282"
"295","1","3","0","21118152","1.127695","1.900239"
"295","1","3","1","21167304","1.122853","1.903564"
"295","2","3","-1","24623874","0.671664","2.183427"
"295","2","3","0","24694944","0.661966","2.188567"
"295","2","3","1","24766012","0.651389","2.192402"
"296","1","3","-1","21070044","1.131848","1.896372"
"296","1","3","0","21119196","1.127517","1.900351"
"296","1","3","1","21168348","1.122649","1.903676"
"296","2","3","-1","24613064","0.673193","2.182469"
"296","2","3","0","24684132","0.663462","2.187873"
"296","2","3","1","24755204","0.653134","2.19178"
"299","1","3","-1","21069180","1.132002","1.896243"
"299","1","3","0","21118330","1.127756","1.900237"
"299","1","3","1","21167482","1.122849","1.903578"
"299","2","3","-1","24620152","0.672163","2.18302"
"299","2","3","0","24691222","0.662422","2.188348"
"299","2","3","1","24762292","0.652001","2.192348"
"300","1","3","-1","21070040","1.13186","1.896335"
"300","1","3","0","21119190","1.127552","1.900316"
"300","1","3","1","21168342","1.122751","1.903634"
"300","2","3","-1","24621460","0.671989","2.183184"
"300","2","3","0","24692532","0.662294","2.18839"
"300","2","3","1","24763600","0.651753","2.192247"
"301","1","3","-1","21072180","1.13173","1.89652"
"301","1","3","0","21121332","1.127354","1.900482"
"301","1","3","1","21170484","1.12244","1.903826"
"301","2","3","-1","24613814","0.673099","2.182602"
"301","2","3","0","24684884","0.663327","2.187931"
"301","2","3","1","24755952","0.653024","2.191845"
"303","1","3","-1","21069748","1.131988","1.89629"
"303","1","3","0","21118898","1.127628","1.900281"
"303","1","3","1","21168050","1.122809","1.903637"
"303","2","3","-1","24611128","0.67342","2.182356"
"303","2","3","0","24682196","0.66371","2.187959"
"303","2","3","1","24753268","0.653421","2.191917"
"305","1","3","-1","21071696","1.131666","1.896496"
"305","1","3","0","21120848","1.127357","1.900437"
"305","1","3","1","21169998","1.122512","1.903788"
"305","2","3","-1","24615500","0.67284","2.182707"
"305","2","3","0","24686568","0.663105","2.188055"
"305","2","3","1","24757640","0.652709","2.191986"
"306","1","3","-1","21071748","1.131747","1.896486"
"306","1","3","0","21120900","1.127389","1.900439"
"306","1","3","1","21170050","1.122453","1.903763"
"306","2","3","-1","24616100","0.672786","2.182953"
"306","2","3","0","24687170","0.663061","2.188178"
"306","2","3","1","24758240","0.652688","2.192021"
"307","1","3","-1","21067288","1.132132","1.896095"
"307","1","3","0","21116440","1.12785","1.900118"
"307","1","3","1","21165592","1.123033","1.903463"
"307","2","3","-1","24611440","0.673458","2.182539"
"307","2","3","0","24682512","0.663692","2.188019"
"307","2","3","1","24753580","0.653439","2.191912"
"310","1","3","-1","21072312","1.131644","1.896546"
"310","1","3","0","21121462","1.127314","1.900524"
"310","1","3","1","21170614","1.122407","1.903854"
"310","2","3","-1","24613512","0.673164","2.182654"
"310","2","3","0","24684584","0.663461","2.187944"
"310","2","3","1","24755652","0.653085","2.191913"
"311","1","3","-1","21070476","1.131877","1.896381"
"311","1","3","0","21119628","1.127523","1.900374"
"311","1","3","1","21168780","1.122596","1.903719"
"311","2","3","-1","24614076","0.673065","2.182848"
"311","2","3","0","24685148","0.663363","2.188127"
"311","2","3","1","24756216","0.653022","2.191895"
"312","1","3","-1","21068248","1.132058","1.896191"
"312","1","3","0","21117400","1.127759","1.900189"
"312","1","3","1","21166552","1.122906","1.903513"
"312","2","3","-1","24609800","0.673705","2.182331"
"312","2","3","0","24680868","0.663909","2.187921"
"312","2","3","1","24751938","0.653674","2.191894"
"313","1","3","-1","21069496","1.131926","1.896332"
"313","1","3","0","21118646","1.127646","1.900265"
"313","1","3","1","21167798","1.122784","1.903661"
"313","2","3","-1","24620852","0.672086","2.183171"
"313","2","3","0","24691920","0.662402","2.188407"
"313","2","3","1","24762992","0.651939","2.192461"
"316","1","3","-1","21069808","1.13195","1.896296"
"316","1","3","0","21118960","1.127612","1.900304"
"316","1","3","1","21168112","1.122722","1.903666"
"316","2","3","-1","24612000","0.673365","2.182603"
"316","2","3","0","24683068","0.663596","2.188029"
"316","2","3","1","24754138","0.65334","2.191823"
"317","1","3","-1","21070128","1.131915","1.896325"
"317","1","3","0","21119280","1.127609","1.900307"
"317","1","3","1","21168430","1.122723","1.903642"
"317","2","3","-1","24613612","0.673112","2.182527"
"317","2","3","0","24684684","0.663374","2.187982"
"317","2","3","1","24755752","0.653086","2.192043"
"318","1","3","-1","21069794","1.131868","1.896333"
"318","1","3","0","21118944","1.127608","1.900326"
"318","1","3","1","21168096","1.122803","1.903582"
"318","2","3","-1","24622572","0.671866","2.183306"
"318","2","3","0","24693644","0.662179","2.18849"
"318","2","3","1","24764712","0.651598","2.192318"
"320","1","3","-1","21070930","1.131819","1.89641"
"320","1","3","0","21120080","1.127553","1.900386"
"320","1","3","1","21169232","1.122608","1.903746"
"320","2","3","-1","24616090","0.672754","2.182946"
"320","2","3","0","24687160","0.663054","2.18814"
"320","2","3","1","24758230","0.652677","2.191964"
"322","1","3","-1","21071464","1.131777","1.896445"
"322","1","3","0","21120614","1.127522","1.900382"
"322","1","3","1","21169766","1.122607","1.903725"
"322","2","3","-1","24620872","0.672085","2.18311"
"322","2","3","0","24691940","0.662325","2.188376"
"322","2","3","1","24763010","0.651896","2.192319"
"323","1","3","-1","21069934","1.131891","1.896335"
"323","1","3","0","21119084","1.127572","1.900307"
"323","1","3","1","21168236","1.122763","1.903616"
"323","2","3","-1","24618608","0.672415","2.182926"
"323","2","3","0","24689680","0.662661","2.188188"
"323","2","3","1","24760748","0.652211","2.192077"
"324","1","3","-1","21071020","1.131858","1.896406"
"324","1","3","0","21120172","1.12747","1.900404"
"324","1","3","1","21169324","1.122595","1.903721"
"324","2","3","-1","24614492","0.673036","2.182647"
"324","2","3","0","24685560","0.663271","2.187932"
"324","2","3","1","24756632","0.652892","2.19187"
"327","1","3","-1","21069208","1.131941","1.896261"
"327","1","3","0","21118360","1.127703","1.900245"
"327","1","3","1","21167512","1.122877","1.903541"
"327","2","3","-1","24621884","0.671896","2.183155"
"327","2","3","0","24692956","0.66219","2.188388"
"327","2","3","1","24764024","0.651691","2.192199"
"328","1","3","-1","21071616","1.131739","1.896448"
"328","1","3","0","21120768","1.127434","1.900397"
"328","1","3","1","21169920","1.122568","1.903778"
"328","2","3","-1","24614472","0.672958","2.182524"
"328","2","3","0","24685542","0.663222","2.187901"
"328","2","3","1","24756612","0.652853","2.191808"
"329","1","3","-1","21072010","1.131802","1.896467"
"329","1","3","0","21121162","1.127429","1.900431"
"329","1","3","1","21170312","1.122522","1.903744"
"329","2","3","-1","24615768","0.67276","2.18278"
"329","2","3","0","24686838","0.66303","2.188056"
"329","2","3","1","24757908","0.652705","2.191812"
"330","1","3","-1","21068332","1.13213","1.896128"
"330","1","3","0","21117482","1.127809","1.900176"
"330","1","3","1","21166634","1.122985","1.903465"
"330","2","3","-1","24611160","0.673412","2.182301"
"330","2","3","0","24682232","0.663654","2.187847"
"330","2","3","1","24753300","0.653367","2.191792"
"333","1","3","-1","21071832","1.131781","1.896417"
"333","1","3","0","21120984","1.12746","1.900397"
"333","1","3","1","21170136","1.122562","1.903767"
"333","2","3","-1","24615120","0.67282","2.182566"
"333","2","3","0","24686192","0.663109","2.187892"
"333","2","3","1","24757260","0.652745","2.191829"
"334","1","3","-1","21071532","1.13189","1.896382"
"334","1","3","0","21120684","1.127559","1.900317"
"334","1","3","1","21169834","1.122599","1.903731"
"334","2","3","-1","24616052","0.67268","2.182829"
"334","2","3","0","24687120","0.662975","2.188094"
"334","2","3","1","24758190","0.652624","2.191879"
"335","1","3","-1","21068436","1.132174","1.896121"
"335","1","3","0","21117588","1.127841","1.900171"
"335","1","3","1","21166738","1.12296","1.903493"
"335","2","3","-1","24611606","0.673328","2.182208"
"335","2","3","0","24682676","0.663598","2.187801"
"335","2","3","1","24753744","0.653321","2.191797"
"336","1","3","-1","21069644","1.132008","1.89626"
"336","1","3","0","21118796","1.127774","1.900221"
"336","1","3","1","21167948","1.122889","1.903561"
"336","2","3","-1","24623158","0.671674","2.183205"
"336","2","3","0","24694228","0.661982","2.188361"
"336","2","3","1","24765298","0.651479","2.192291"
"339","1","3","-1","21068996","1.132109","1.896171"
"339","1","3","0","21118148","1.127801","1.900149"
"339","1","3","1","21167300","1.122953","1.903518"
"339","2","3","-1","24611488","0.673385","2.182374"
"339","2","3","0","24682558","0.663616","2.187847"
"339","2","3","1","24753628","0.653368","2.191683"
"340","1","3","-1","21070612","1.131974","1.896305"
"340","1","3","0","21119764","1.127663","1.900277"
"340","1","3","1","21168916","1.122765","1.903614"
"340","2","3","-1","24615682","0.672753","2.182545"
"340","2","3","0","24686752","0.662976","2.187994"
"340","2","3","1","24757822","0.652658","2.191991"
"341","1","3","-1","21069472","1.132011","1.896242"
"341","1","3","0","21118624","1.127752","1.900215"
"341","1","3","1","21167776","1.122897","1.903542"
"341","2","3","-1","24621916","0.671868","2.183093"
"341","2","3","0","24692984","0.662165","2.18825"
"341","2","3","1","24764056","0.651635","2.192176"
"343","1","3","-1","21071080","1.131921","1.896338"
"343","1","3","0","21120232","1.127613","1.900332"
"343","1","3","1","21169384","1.122659","1.903683"
"343","2","3","-1","24616108","0.672717","2.182778"
"343","2","3","0","24687178","0.662989","2.187972"
"343","2","3","1","24758248","0.652615","2.191815"
"345","1","3","-1","21069500","1.132089","1.896206"
"345","1","3","0","21118652","1.127779","1.90017"
"345","1","3","1","21167804","1.122898","1.903548"
"345","2","3","-1","24619864","0.672159","2.182855"
"345","2","3","0","24690936","0.662402","2.188202"
"345","2","3","1","24762004","0.651988","2.192185"
"346","1","3","-1","21069644","1.131985","1.89628"
"346","1","3","0","21118796","1.127685","1.900227"
"346","1","3","1","21167948","1.122889","1.903558"
"346","2","3","-1","24621234","0.671993","2.182997"
"346","2","3","0","24692304","0.662253","2.188234"
"346","2","3","1","24763374","0.651731","2.192096"
"347","1","3","-1","21071312","1.131891","1.896418"
"347","1","3","0","21120464","1.127497","1.900372"
"347","1","3","1","21169616","1.122626","1.90371"
"347","2","3","-1","24614548","0.67296","2.182503"
"347","2","3","0","24685618","0.66319","2.187836"
"347","2","3","1","24756688","0.65284","2.191727"
"350","1","3","-1","21069756","1.132002","1.896264"
"350","1","3","0","21118908","1.127739","1.900238"
"350","1","3","1","21168060","1.122861","1.903576"
"350","2","3","-1","24622550","0.671797","2.183105"
"350","2","3","0","24693620","0.662064","2.188318"
"350","2","3","1","24764690","0.651596","2.192192"
"351","1","3","-1","21070476","1.131921","1.896322"
"351","1","3","0","21119628","1.127593","1.900288"
"351","1","3","1","21168780","1.122768","1.903685"
"351","2","3","-1","24616500","0.672679","2.182613"
"351","2","3","0","24687572","0.662962","2.187917"
"351","2","3","1","24758640","0.65254","2.19187"
"352","1","3","-1","21072724","1.131774","1.896505"
"352","1","3","0","21121876","1.127435","1.900465"
"352","1","3","1","21171028","1.122467","1.903795"
"352","2","3","-1","24616088","0.672737","2.182762"
"352","2","3","0","24687158","0.663029","2.188034"
"352","2","3","1","24758228","0.652667","2.191767"
"353","1","3","-1","21067928","1.132224","1.896096"
"353","1","3","0","21117078","1.127911","1.900129"
"353","1","3","1","21166230","1.123038","1.90347"
"353","2","3","-1","24610310","0.673538","2.182153"
"353","2","3","0","24681380","0.663775","2.187736"
"353","2","3","1","24752448","0.653516","2.191696"
"356","1","3","-1","21070914","1.1319","1.896378"
"356","1","3","0","21120064","1.127531","1.90034"
"356","1","3","1","21169216","1.122667","1.903722"
"356","2","3","-1","24615858","0.672787","2.182658"
"356","2","3","0","24686928","0.663037","2.187881"
"356","2","3","1","24757996","0.652649","2.191854"
"357","1","3","-1","21070386","1.131999","1.896327"
"357","1","3","0","21119536","1.127665","1.90028"
"357","1","3","1","21168688","1.122747","1.903643"
"357","2","3","-1","24613916","0.673023","2.182588"
"357","2","3","0","24684988","0.663313","2.187964"
"357","2","3","1","24756056","0.652997","2.191745"
"358","1","3","-1","21068028","1.1322","1.896107"
"358","1","3","0","21117180","1.127903","1.90014"
"358","1","3","1","21166332","1.123058","1.903451"
"358","2","3","-1","24613192","0.673151","2.182319"
"358","2","3","0","24684262","0.663359","2.187945"
"358","2","3","1","24755332","0.653062","2.191882"
"360","1","3","-1","21069774","1.131961","1.896281"
"360","1","3","0","21118926","1.127632","1.90028"
"360","1","3","1","21168076","1.122862","1.903592"
"360","2","3","-1","24616984","0.67264","2.182618"
"360","2","3","0","24688054","0.66284","2.188016"
"360","2","3","1","24759124","0.652495","2.191856"
"362","1","3","-1","21068072","1.132196","1.896115"
"362","1","3","0","21117222","1.127868","1.900108"
"362","1","3","1","21166374","1.123029","1.903488"
"362","2","3","-1","24612342","0.673252","2.182467"
"362","2","3","0","24683412","0.663503","2.187882"
"362","2","3","1","24754480","0.653268","2.191694"
"363","1","3","-1","21070346","1.132004","1.896313"
"363","1","3","0","21119496","1.12769","1.900291"
"363","1","3","1","21168648","1.122766","1.903617"
"363","2","3","-1","24614644","0.672896","2.182466"
"363","2","3","0","24685716","0.663164","2.187953"
"363","2","3","1","24756784","0.652835","2.191955"
"364","1","3","-1","21068180","1.132134","1.896164"
"364","1","3","0","21117330","1.127871","1.900147"
"364","1","3","1","21166482","1.123067","1.90344"
"364","2","3","-1","24622304","0.671794","2.183109"
"364","2","3","0","24693374","0.662116","2.188262"
"364","2","3","1","24764444","0.651627","2.192143"
"367","1","3","-1","21071106","1.131918","1.896388"
"367","1","3","0","21120258","1.127596","1.900335"
"367","1","3","1","21169408","1.122732","1.903684"
"367","2","3","-1","24611896","0.673307","2.182306"
"367","2","3","0","24682966","0.663569","2.187845"
"367","2","3","1","24754036","0.653275","2.191746"
"368","1","3","-1","21070340","1.131979","1.896309"
"368","1","3","0","21119492","1.127682","1.900281"
"368","1","3","1","21168644","1.122786","1.90362"
"368","2","3","-1","24619088","0.672297","2.182834"
"368","2","3","0","24690156","0.662569","2.188108"
"368","2","3","1","24761228","0.652158","2.192125"
"369","1","3","-1","21069620","1.131983","1.896285"
"369","1","3","0","21118772","1.127683","1.900236"
"369","1","3","1","21167924","1.122896","1.903563"
"369","2","3","-1","24619560","0.672226","2.182853"
"369","2","3","0","24690630","0.662518","2.188146"
"369","2","3","1","24761700","0.652008","2.192013"
"370","1","3","-1","21071628","1.13188","1.896421"
"370","1","3","0","21120780","1.127491","1.900398"
"370","1","3","1","21169932","1.12257","1.903736"
"370","2","3","-1","24615124","0.672869","2.18258"
"370","2","3","0","24686194","0.663154","2.187876"
"370","2","3","1","24757264","0.652813","2.191738"
"373","1","3","-1","21070908","1.13188","1.896368"
"373","1","3","0","21120060","1.127594","1.900342"
"373","1","3","1","21169212","1.122717","1.903626"
"373","2","3","-1","24621934","0.671855","2.183069"
"373","2","3","0","24693004","0.662175","2.188287"
"373","2","3","1","24764072","0.65169","2.192174"
"374","1","3","-1","21069860","1.131978","1.896305"
"374","1","3","0","21119012","1.127653","1.900262"
"374","1","3","1","21168164","1.122799","1.903611"
"374","2","3","-1","24616568","0.672608","2.182631"
"374","2","3","0","24687636","0.662916","2.187952"
"374","2","3","1","24758706","0.652487","2.191863"
"375","1","3","-1","21069716","1.132053","1.896249"
"375","1","3","0","21118868","1.127674","1.900276"
"375","1","3","1","21168020","1.122769","1.90362"
"375","2","3","-1","24615674","0.672782","2.182694"
"375","2","3","0","24686744","0.663045","2.188021"
"375","2","3","1","24757814","0.652685","2.191775"
"376","1","3","-1","21068804","1.132134","1.896182"
"376","1","3","0","21117954","1.127847","1.90021"
"376","1","3","1","21167106","1.122963","1.903536"
"376","2","3","-1","24611786","0.673342","2.182257"
"376","2","3","0","24682856","0.663562","2.187849"
"376","2","3","1","24753924","0.653307","2.191777"
"379","1","3","-1","21072628","1.131765","1.896486"
"379","1","3","0","21121780","1.127408","1.900464"
"379","1","3","1","21170932","1.122499","1.903829"
"379","2","3","-1","24616344","0.672681","2.182727"
"379","2","3","0","24687412","0.663003","2.187894"
"379","2","3","1","24758482","0.652552","2.191866"
"380","1","3","-1","21070934","1.131937","1.89635"
"380","1","3","0","21120084","1.127596","1.900283"
"380","1","3","1","21169236","1.122713","1.903671"
"380","2","3","-1","24612276","0.673248","2.182443"
"380","2","3","0","24683346","0.663505","2.187855"
"380","2","3","1","24754416","0.653219","2.191648"
"381","1","3","-1","21069568","1.132091","1.896227"
"381","1","3","0","21118720","1.127753","1.900238"
"381","1","3","1","21167872","1.122878","1.903565"
"381","2","3","-1","24613122","0.673133","2.182285"
"381","2","3","0","24684192","0.663375","2.187855"
"381","2","3","1","24755260","0.653115","2.191828"
"383","1","3","-1","21069688","1.13199","1.896284"
"383","1","3","0","21118840","1.127637","1.900272"
"383","1","3","1","21167992","1.122832","1.903598"
"383","2","3","-1","24613448","0.673116","2.182351"
"383","2","3","0","24684518","0.663325","2.187748"
"383","2","3","1","24755588","0.65303","2.191674"
"385","1","3","-1","21069952","1.132046","1.896268"
"385","1","3","0","21119104","1.127705","1.900258"
"385","1","3","1","21168256","1.122846","1.903605"
"385","2","3","-1","24611248","0.67341","2.182296"
"385","2","3","0","24682320","0.663681","2.187826"
"385","2","3","1","24753388","0.6534","2.191699"
"386","1","3","-1","21070308","1.131999","1.896306"
"386","1","3","0","21119458","1.127691","1.900277"
"386","1","3","1","21168610","1.122802","1.903619"
"386","2","3","-1","24617768","0.672436","2.182709"
"386","2","3","0","24688840","0.662739","2.188058"
"386","2","3","1","24759908","0.652346","2.192095"
"387","1","3","-1","21069632","1.13199","1.896295"
"387","1","3","0","21118784","1.127704","1.900257"
"387","1","3","1","21167936","1.122858","1.903583"
"387","2","3","-1","24621528","0.671926","2.18303"
"387","2","3","0","24692598","0.662191","2.188255"
"387","2","3","1","24763668","0.65171","2.192114"
"390","1","3","-1","21069384","1.132089","1.89619"
"390","1","3","0","21118536","1.127754","1.900235"
"390","1","3","1","21167686","1.122889","1.90359"
"390","2","3","-1","24612296","0.673225","2.182269"
"390","2","3","0","24683366","0.663485","2.187876"
"390","2","3","1","24754436","0.653184","2.191817"
"391","1","3","-1","21071686","1.13181","1.896425"
"391","1","3","0","21120836","1.127544","1.900389"
"391","1","3","1","21169988","1.122642","1.903699"
"391","2","3","-1","24622324","0.671838","2.183083"
"391","2","3","0","24693396","0.662094","2.188339"
"391","2","3","1","24764464","0.651625","2.19221"
"392","1","3","-1","21070478","1.131923","1.896363"
"392","1","3","0","21119630","1.127595","1.900322"
"392","1","3","1","21168780","1.122772","1.903649"
"392","2","3","-1","24617350","0.672534","2.182673"
"392","2","3","0","24688420","0.662794","2.187976"
"392","2","3","1","24759488","0.652397","2.191885"
"393","1","3","-1","21070874","1.131956","1.896364"
"393","1","3","0","21120024","1.127584","1.900353"
"393","1","3","1","21169176","1.122666","1.903699"
"393","2","3","-1","24616026","0.672723","2.182723"
"393","2","3","0","24687096","0.662998","2.187973"
"393","2","3","1","24758164","0.652622","2.19179"
"396","1","3","-1","21069080","1.13202","1.896209"
"396","1","3","0","21118232","1.127731","1.900223"
"396","1","3","1","21167384","1.122932","1.903544"
"396","2","3","-1","24619564","0.672203","2.182878"
"396","2","3","0","24690632","0.662495","2.188161"
"396","2","3","1","24761702","0.652045","2.191967"
"397","1","3","-1","21072888","1.131709","1.89655"
"397","1","3","0","21122040","1.127372","1.900489"
"397","1","3","1","21171190","1.122449","1.903825"
"397","2","3","-1","24614368","0.672962","2.182567"
"397","2","3","0","24685436","0.663242","2.18781"
"397","2","3","1","24756508","0.652906","2.191725"
"398","1","3","-1","21069140","1.132086","1.896223"
"398","1","3","0","21118292","1.127767","1.90018"
"398","1","3","1","21167444","1.122872","1.903558"
"398","2","3","-1","24612748","0.673195","2.182472"
"398","2","3","0","24683820","0.663452","2.187924"
"398","2","3","1","24754888","0.653127","2.191679"
"399","1","3","-1","21068410","1.13219","1.896126"
"399","1","3","0","21117562","1.127841","1.900148"
"399","1","3","1","21166712","1.123001","1.903484"
"399","2","3","-1","24613096","0.673124","2.182301"
"399","2","3","0","24684164","0.663378","2.18788"
"399","2","3","1","24755234","0.653109","2.191832"
"402","1","3","-1","21070556","1.131976","1.896294"
"402","1","3","0","21119708","1.127623","1.900327"
"402","1","3","1","21168860","1.122648","1.903688"
"402","2","3","-1","24617560","0.672528","2.182928"
"402","2","3","0","24688632","0.662825","2.188042"
"402","2","3","1","24759700","0.65242","2.191903"
"403","1","3","-1","21068432","1.132164","1.896142"
"403","1","3","0","21117584","1.127825","1.900121"
"403","1","3","1","21166736","1.123005","1.903481"
"403","2","3","-1","24609748","0.673578","2.182125"
"403","2","3","0","24680818","0.663823","2.187713"
"403","2","3","1","24751888","0.6536","2.191683"
"404","1","3","-1","21070172","1.131993","1.896312"
"404","1","3","0","21119322","1.127707","1.900262"
"404","1","3","1","21168474","1.12283","1.903584"
"404","2","3","-1","24621244","0.671972","2.182986"
"404","2","3","0","24692312","0.662249","2.188258"
"404","2","3","1","24763382","0.651766","2.192262"
"406","1","3","-1","21073312","1.131695","1.896576"
"406","1","3","0","21122464","1.127328","1.900553"
"406","1","3","1","21171614","1.122406","1.903828"
"406","2","3","-1","24614484","0.672949","2.182542"
"406","2","3","0","24685552","0.663224","2.187815"
"406","2","3","1","24756624","0.652894","2.191748"
"408","1","3","-1","21070626","1.131999","1.896318"
"408","1","3","0","21119778","1.127663","1.900266"
"408","1","3","1","21168928","1.122764","1.903646"
"408","2","3","-1","24611562","0.673324","2.18216"
"408","2","3","0","24682632","0.663608","2.187726"
"408","2","3","1","24753700","0.653311","2.1918"
"409","1","3","-1","21069132","1.132048","1.896246"
"409","1","3","0","21118284","1.127778","1.900187"
"409","1","3","1","21167436","1.122924","1.903532"
"409","2","3","-1","24624088","0.671558","2.183249"
"409","2","3","0","24695156","0.661816","2.18844"
"409","2","3","1","24766226","0.651348","2.192231"
"410","1","3","-1","21069572","1.132018","1.89629"
"410","1","3","0","21118724","1.12765","1.900274"
"410","1","3","1","21167876","1.122839","1.903602"
"410","2","3","-1","24615212","0.672821","2.182511"
"410","2","3","0","24686282","0.663144","2.187843"
"410","2","3","1","24757352","0.652724","2.191795"
"413","1","3","-1","21070416","1.132018","1.896307"
"413","1","3","0","21119566","1.127682","1.900277"
"413","1","3","1","21168718","1.122818","1.903645"
"413","2","3","-1","24618156","0.67241","2.182762"
"413","2","3","0","24689224","0.662728","2.188089"
"413","2","3","1","24760296","0.652298","2.192129"
"414","1","3","-1","21070560","1.131931","1.896358"
"414","1","3","0","21119712","1.127631","1.900315"
"414","1","3","1","21168864","1.122787","1.903632"
"414","2","3","-1","24620784","0.672073","2.182962"
"414","2","3","0","24691852","0.662328","2.188214"
"414","2","3","1","24762924","0.651883","2.192042"
"415","1","3","-1","21070544","1.13193","1.896343"
"415","1","3","0","21119694","1.127603","1.900318"
"415","1","3","1","21168846","1.122716","1.903684"
"415","2","3","-1","24614996","0.672904","2.182538"
"415","2","3","0","24686064","0.663178","2.187834"
"415","2","3","1","24757136","0.652775","2.191774"
"416","1","3","-1","21070200","1.132014","1.896294"
"416","1","3","0","21119352","1.127681","1.900265"
"416","1","3","1","21168504","1.122751","1.903636"
"416","2","3","-1","24614290","0.672998","2.182603"
"416","2","3","0","24685360","0.663256","2.187915"
"416","2","3","1","24756428","0.652926","2.191695"
"419","1","3","-1","21071454","1.131816","1.896423"
"419","1","3","0","21120606","1.127543","1.900386"
"419","1","3","1","21169756","1.122679","1.903706"
"419","2","3","-1","24618728","0.672397","2.182763"
"419","2","3","0","24689800","0.662643","2.18811"
"419","2","3","1","24760868","0.652184","2.191948"
"420","1","3","-1","21071632","1.131884","1.896408"
"420","1","3","0","21120782","1.127495","1.900392"
"420","1","3","1","21169934","1.122572","1.903743"
"420","2","3","-1","24615612","0.672794","2.182677"
"420","2","3","0","24686680","0.663051","2.187877"
"420","2","3","1","24757752","0.652694","2.191807"
"421","1","3","-1","21068576","1.132151","1.896139"
"421","1","3","0","21117728","1.127847","1.900155"
"421","1","3","1","21166880","1.122964","1.903504"
"421","2","3","-1","24612548","0.673242","2.182455"
"421","2","3","0","24683620","0.663481","2.187873"
"421","2","3","1","24754688","0.653209","2.191688"
"422","1","3","-1","21069890","1.132068","1.896265"
"422","1","3","0","21119040","1.127726","1.900267"
"422","1","3","1","21168192","1.122872","1.9036"
"422","2","3","-1","24614252","0.673007","2.182404"
"422","2","3","0","24685320","0.663239","2.187937"
"422","2","3","1","24756392","0.652918","2.191912"
"425","1","3","-1","21073280","1.131738","1.896545"
"425","1","3","0","21122430","1.127386","1.900495"
"425","1","3","1","21171582","1.122405","1.903847"
"425","2","3","-1","24616778","0.672615","2.182817"
"425","2","3","0","24687848","0.66293","2.187991"
"425","2","3","1","24758916","0.652502","2.191885"
"426","1","3","-1","21067944","1.132198","1.896105"
"426","1","3","0","21117096","1.12789","1.900096"
"426","1","3","1","21166248","1.123045","1.903455"
"426","2","3","-1","24611284","0.673381","2.182343"
"426","2","3","0","24682352","0.663656","2.187839"
"426","2","3","1","24753424","0.653382","2.191691"
"427","1","3","-1","21069876","1.132002","1.896291"
"427","1","3","0","21119028","1.12774","1.900241"
"427","1","3","1","21168178","1.122831","1.903577"
"427","2","3","-1","24616464","0.672663","2.182573"
"427","2","3","0","24687534","0.66289","2.187977"
"427","2","3","1","24758604","0.652549","2.192015"
"429","1","3","-1","21072468","1.131758","1.896529"
"429","1","3","0","21121618","1.127403","1.90048"
"429","1","3","1","21170770","1.122484","1.903806"
"429","2","3","-1","24613996","0.67302","2.182416"
"429","2","3","0","24685064","0.663275","2.187807"
"429","2","3","1","24756136","0.652957","2.191694"
"431","1","3","-1","21069858","1.132043","1.896284"
"431","1","3","0","21119008","1.127692","1.900222"
"431","1","3","1","21168160","1.12283","1.903593"
"431","2","3","-1","24609700","0.673593","2.182082"
"431","2","3","0","24680768","0.663868","2.187711"
"431","2","3","1","24751840","0.65361","2.191659"
"432","1","3","-1","21068736","1.132103","1.896168"
"432","1","3","0","21117886","1.127836","1.900153"
"432","1","3","1","21167038","1.122991","1.903494"
"432","2","3","-1","24621456","0.671951","2.183011"
"432","2","3","0","24692526","0.662229","2.188245"
"432","2","3","1","24763596","0.651773","2.192203"
"433","1","3","-1","21070932","1.131893","1.89638"
"433","1","3","0","21120084","1.127557","1.900342"
"433","1","3","1","21169236","1.122729","1.903664"
"433","2","3","-1","24618500","0.672415","2.182762"
"433","2","3","0","24689568","0.662659","2.188073"
"433","2","3","1","24760640","0.65222","2.191965"
"436","1","3","-1","21068956","1.132125","1.896162"
"436","1","3","0","21118108","1.12781","1.900173"
"436","1","3","1","21167260","1.122977","1.903516"
"436","2","3","-1","24615436","0.672788","2.182531"
"436","2","3","0","24686504","0.66308","2.187915"
"436","2","3","1","24757574","0.652715","2.191971"
"437","1","3","-1","21071448","1.131808","1.896423"
"437","1","3","0","21120598","1.127551","1.90035"
"437","1","3","1","21169750","1.122696","1.903645"
"437","2","3","-1","24621076","0.672023","2.182966"
"437","2","3","0","24692144","0.662252","2.188238"
"437","2","3","1","24763216","0.651832","2.192087"
"438","1","3","-1","21070512","1.13194","1.896324"
"438","1","3","0","21119664","1.12761","1.900298"
"438","1","3","1","21168816","1.122701","1.903657"
"438","2","3","-1","24616636","0.672671","2.182673"
"438","2","3","0","24687706","0.662952","2.187943"
"438","2","3","1","24758776","0.652511","2.191881"
"439","1","3","-1","21069156","1.13212","1.8962"
"439","1","3","0","21118306","1.12777","1.900205"
"439","1","3","1","21167458","1.122913","1.903575"
"439","2","3","-1","24614514","0.672944","2.182621"
"439","2","3","0","24685584","0.663236","2.187972"
"439","2","3","1","24756652","0.652895","2.191712"
"442","1","3","-1","21069212","1.132031","1.896222"
"442","1","3","0","21118364","1.127704","1.900221"
"442","1","3","1","21167516","1.122918","1.903555"
"442","2","3","-1","24617572","0.672561","2.182674"
"442","2","3","0","24688642","0.662809","2.188004"
"442","2","3","1","24759712","0.652373","2.191891"
"443","1","3","-1","21072418","1.13181","1.896467"
"443","1","3","0","21121570","1.127446","1.900418"
"443","1","3","1","21170720","1.122512","1.90378"
"443","2","3","-1","24615644","0.672827","2.182709"
"443","2","3","0","24686714","0.663093","2.187895"
"443","2","3","1","24757784","0.652709","2.1918"
"444","1","3","-1","21068758","1.132129","1.896162"
"444","1","3","0","21117910","1.12783","1.900147"
"444","1","3","1","21167060","1.122967","1.903523"
"444","2","3","-1","24611140","0.673419","2.182339"
"444","2","3","0","24682212","0.663661","2.187823"
"444","2","3","1","24753280","0.653437","2.191631"
"445","1","3","-1","21070456","1.132023","1.896299"
"445","1","3","0","21119608","1.127704","1.900302"
"445","1","3","1","21168760","1.12281","1.903611"
"445","2","3","-1","24615452","0.672832","2.182497"
"445","2","3","0","24686522","0.663082","2.187972"
"445","2","3","1","24757592","0.652734","2.191967"
"448","1","3","-1","21070404","1.131974","1.89628"
"448","1","3","0","21119554","1.127656","1.900286"
"448","1","3","1","21168706","1.122715","1.903661"
"448","2","3","-1","24616904","0.672623","2.182841"
"448","2","3","0","24687976","0.662899","2.18803"
"448","2","3","1","24759044","0.652515","2.191858"
"449","1","3","-1","21069652","1.132067","1.896259"
"449","1","3","0","21118804","1.127726","1.9002"
"449","1","3","1","21167956","1.122855","1.903574"
"449","2","3","-1","24610616","0.673531","2.181986"
"449","2","3","0","24681684","0.663754","2.187753"
"449","2","3","1","24752756","0.653477","2.191692"
"450","1","3","-1","21068640","1.132156","1.896146"
"450","1","3","0","21117792","1.127833","1.900145"
"450","1","3","1","21166944","1.122986","1.903481"
"450","2","3","-1","24625326","0.671417","2.18331"
"450","2","3","0","24696396","0.661685","2.188497"
"450","2","3","1","24767464","0.651156","2.192474"
"452","1","3","-1","21072480","1.131775","1.896518"
"452","1","3","0","21121630","1.127392","1.900471"
"452","1","3","1","21170782","1.122498","1.9038"
"452","2","3","-1","24614450","0.672969","2.182489"
"452","2","3","0","24685520","0.663246","2.187806"
"452","2","3","1","24756588","0.652904","2.191691"
"454","1","3","-1","21069364","1.132115","1.896194"
"454","1","3","0","21118516","1.127759","1.900181"
"454","1","3","1","21167668","1.122912","1.903562"
"454","2","3","-1","24613130","0.673135","2.182341"
"454","2","3","0","24684200","0.663404","2.187909"
"454","2","3","1","24755268","0.653097","2.191849"
"455","1","3","-1","21070544","1.131948","1.896348"
"455","1","3","0","21119696","1.127662","1.900267"
"455","1","3","1","21168848","1.122768","1.903614"
"455","2","3","-1","24621966","0.671871","2.183062"
"455","2","3","0","24693036","0.662155","2.188306"
"455","2","3","1","24764106","0.651667","2.192233"
"456","1","3","-1","21068556","1.132054","1.89619"
"456","1","3","0","21117708","1.127747","1.900209"
"456","1","3","1","21166860","1.122985","1.903511"
"456","2","3","-1","24617964","0.672467","2.182748"
"456","2","3","0","24689034","0.662742","2.188029"
"456","2","3","1","24760104","0.652291","2.191929"
"459","1","3","-1","21070552","1.132002","1.896305"
"459","1","3","0","21119704","1.127664","1.900283"
"459","1","3","1","21168856","1.122765","1.90364"
"459","2","3","-1","24616044","0.672706","2.182594"
"459","2","3","0","24687112","0.66297","2.187921"
"459","2","3","1","24758184","0.652654","2.192003"
"460","1","3","-1","21069468","1.132015","1.896247"
"460","1","3","0","21118620","1.127744","1.900222"
"460","1","3","1","21167772","1.122905","1.903519"
"460","2","3","-1","24621372","0.671989","2.183008"
"460","2","3","0","24692442","0.662269","2.188231"
"460","2","3","1","24763512","0.651769","2.192097"
"461","1","3","-1","21070396","1.131949","1.896289"
"461","1","3","0","21119548","1.127596","1.900301"
"461","1","3","1","21168700","1.122722","1.903664"
"461","2","3","-1","24614934","0.672911","2.18259"
"461","2","3","0","24686004","0.663179","2.187819"
"461","2","3","1","24757074","0.652808","2.191772"
"462","1","3","-1","21071132","1.131916","1.896386"
"462","1","3","0","21120282","1.127611","1.900325"
"462","1","3","1","21169434","1.122661","1.903685"
"462","2","3","-1","24613156","0.673166","2.182514"
"462","2","3","0","24684224","0.66343","2.187915"
"462","2","3","1","24755296","0.653112","2.191741"
"465","1","3","-1","21070620","1.131911","1.896332"
"465","1","3","0","21119770","1.127565","1.900325"
"465","1","3","1","21168922","1.122705","1.903677"
"465","2","3","-1","24613420","0.673119","2.182353"
"465","2","3","0","24684492","0.663371","2.187765"
"465","2","3","1","24755560","0.653039","2.191677"
"466","1","3","-1","21071068","1.131911","1.896355"
"466","1","3","0","21120218","1.127586","1.900341"
"466","1","3","1","21169370","1.122626","1.903697"
"466","2","3","-1","24616440","0.672651","2.182826"
"466","2","3","0","24687508","0.662976","2.188058"
"466","2","3","1","24758580","0.652583","2.191849"
"467","1","3","-1","21068366","1.132158","1.89615"
"467","1","3","0","21117518","1.127826","1.900119"
"467","1","3","1","21166668","1.122985","1.90349"
"467","2","3","-1","24610714","0.67346","2.182204"
"467","2","3","0","24681784","0.663722","2.187781"
"467","2","3","1","24752852","0.653461","2.191713"
"468","1","3","-1","21069440","1.132058","1.896246"
"468","1","3","0","21118592","1.127758","1.900206"
"468","1","3","1","21167744","1.122884","1.903551"
"468","2","3","-1","24620400","0.67213","2.18291"
"468","2","3","0","24691468","0.662389","2.188205"
"468","2","3","1","24762538","0.651949","2.192016"
"471","1","3","-1","21068220","1.132157","1.896125"
"471","1","3","0","21117372","1.127866","1.900111"
"471","1","3","1","21166522","1.123013","1.903495"
"471","2","3","-1","24612780","0.673209","2.182483"
"471","2","3","0","24683850","0.663427","2.187885"
"471","2","3","1","24754920","0.65315","2.19173"
"472","1","3","-1","21070662","1.131975","1.896357"
"472","1","3","0","21119812","1.127649","1.900291"
"472","1","3","1","21168964","1.122752","1.903629"
"472","2","3","-1","24614490","0.672905","2.182449"
"472","2","3","0","24685560","0.663207","2.187911"
"472","2","3","1","24756628","0.652859","2.191935"
"473","1","3","-1","21067978","1.13213","1.896124"
"473","1","3","0","21117128","1.127876","1.900127"
"473","1","3","1","21166280","1.123079","1.903437"
"473","2","3","-1","24621964","0.671917","2.183055"
"473","2","3","0","24693034","0.662173","2.188299"
"473","2","3","1","24764104","0.651698","2.192111"
"475","1","3","-1","21070482","1.131967","1.896329"
"475","1","3","0","21119632","1.127664","1.900291"
"475","1","3","1","21168784","1.12273","1.903661"
"475","2","3","-1","24616892","0.672636","2.182839"
"475","2","3","0","24687964","0.662884","2.188095"
"475","2","3","1","24759032","0.652528","2.191831"
"477","1","3","-1","21071144","1.131961","1.896372"
"477","1","3","0","21120296","1.127629","1.90032"
"477","1","3","1","21169446","1.122749","1.903674"
"477","2","3","-1","24621822","0.671904","2.183076"
"477","2","3","0","24692892","0.66219","2.188274"
"477","2","3","1","24763960","0.651688","2.192297"
"478","1","3","-1","21069768","1.131956","1.8963"
"478","1","3","0","21118920","1.127683","1.900265"
"478","1","3","1","21168072","1.122862","1.903566"
"478","2","3","-1","24618684","0.67238","2.182777"
"478","2","3","0","24689752","0.662602","2.188091"
"478","2","3","1","24760824","0.65221","2.191947"
"479","1","3","-1","21071060","1.131913","1.896396"
"479","1","3","0","21120212","1.127549","1.900351"
"479","1","3","1","21169364","1.122649","1.903709"
"479","2","3","-1","24616088","0.672759","2.182679"
"479","2","3","0","24687158","0.66301","2.187869"
"479","2","3","1","24758228","0.65263","2.191842"
"482","1","3","-1","21071140","1.131887","1.896392"
"482","1","3","0","21120292","1.127642","1.900332"
"482","1","3","1","21169444","1.122749","1.903677"
"482","2","3","-1","24623968","0.671585","2.183242"
"482","2","3","0","24695040","0.661928","2.18836"
"482","2","3","1","24766108","0.651368","2.192292"
"483","1","3","-1","21070796","1.13189","1.896356"
"483","1","3","0","21119948","1.127566","1.900345"
"483","1","3","1","21169100","1.122712","1.903655"
"483","2","3","-1","24615660","0.672767","2.182507"
"483","2","3","0","24686728","0.663038","2.187896"
"483","2","3","1","24757800","0.652687","2.191773"
"484","1","3","-1","21070788","1.131954","1.896334"
"484","1","3","0","21119940","1.127585","1.900321"
"484","1","3","1","21169092","1.122684","1.90369"
"484","2","3","-1","24616940","0.672613","2.182812"
"484","2","3","0","24688010","0.662898","2.187991"
"484","2","3","1","24759080","0.652484","2.191907"
"485","1","3","-1","21069484","1.132076","1.896252"
"485","1","3","0","21118634","1.127731","1.900215"
"485","1","3","1","21167786","1.122892","1.903559"
"485","2","3","-1","24612148","0.673261","2.182369"
"485","2","3","0","24683216","0.663554","2.187839"
"485","2","3","1","24754286","0.653274","2.191749"
"488","1","3","-1","21072040","1.131799","1.896466"
"488","1","3","0","21121190","1.127421","1.90042"
"488","1","3","1","21170342","1.122532","1.903759"
"488","2","3","-1","24613840","0.673057","2.182438"
"488","2","3","0","24684910","0.663308","2.187783"
"488","2","3","1","24755980","0.652952","2.191704"
"489","1","3","-1","21069140","1.132091","1.89618"
"489","1","3","0","21118292","1.127812","1.900185"
"489","1","3","1","21167444","1.122909","1.903547"
"489","2","3","-1","24614712","0.672924","2.182653"
"489","2","3","0","24685780","0.6632","2.187979"
"489","2","3","1","24756852","0.652877","2.191799"
"490","1","3","-1","21070264","1.132024","1.896297"
"490","1","3","0","21119416","1.127682","1.900253"
"490","1","3","1","21168568","1.122818","1.903603"
"490","2","3","-1","24613280","0.673096","2.182312"
"490","2","3","0","24684348","0.663399","2.187861"
"490","2","3","1","24755420","0.653082","2.191859"
"491","1","3","-1","21069340","1.132012","1.896255"
"491","1","3","0","21118492","1.127776","1.900217"
"491","1","3","1","21167644","1.122919","1.903548"
"491","2","3","-1","24623178","0.671726","2.183145"
"491","2","3","0","24694248","0.662027","2.188374"
"491","2","3","1","24765318","0.651508","2.192245"
"494","1","3","-1","21069328","1.132057","1.896196"
"494","1","3","0","21118480","1.127734","1.900205"
"494","1","3","1","21167632","1.122887","1.903535"
"494","2","3","-1","24611456","0.673405","2.182363"
"494","2","3","0","24682528","0.663604","2.187846"
"494","2","3","1","24753596","0.653354","2.191693"
"495","1","3","-1","21070736","1.131993","1.896309"
"495","1","3","0","21119888","1.127643","1.900301"
"495","1","3","1","21169040","1.12275","1.90365"
"495","2","3","-1","24615880","0.672704","2.182561"
"495","2","3","0","24686950","0.662997","2.187972"
"495","2","3","1","24758020","0.652668","2.191999"
"496","1","3","-1","21069860","1.131958","1.896313"
"496","1","3","0","21119012","1.127695","1.900288"
"496","1","3","1","21168164","1.122836","1.903564"
"496","2","3","-1","24622220","0.671877","2.183107"
"496","2","3","0","24693290","0.662089","2.188329"
"496","2","3","1","24764360","0.651637","2.192152"
"498","1","3","-1","21071768","1.131872","1.896419"
"498","1","3","0","21120920","1.127523","1.900393"
"498","1","3","1","21170072","1.122573","1.90373"
"498","2","3","-1","24614430","0.672947","2.182631"
"498","2","3","0","24685500","0.66322","2.187898"
"498","2","3","1","24756568","0.652924","2.191733"
"500","1","3","-1","21071906","1.131852","1.896448"
"500","1","3","0","21121056","1.127541","1.900363"
"500","1","3","1","21170208","1.122617","1.903727"
"500","2","3","-1","24619948","0.67214","2.182892"
"500","2","3","0","24691016","0.66247","2.188162"
"500","2","3","1","24762088","0.652025","2.192229"
"501","1","3","-1","21068630","1.132055","1.896159"
"501","1","3","0","21117780","1.127785","1.90019"
"501","1","3","1","21166932","1.122981","1.903463"
"501","2","3","-1","24621452","0.671983","2.18303"
"501","2","3","0","24692520","0.662222","2.188272"
"501","2","3","1","24763592","0.651775","2.192095"
"502","1","3","-1","21072088","1.13182","1.896466"
"502","1","3","0","21121240","1.127439","1.900446"
"502","1","3","1","21170392","1.122537","1.903798"
"502","2","3","-1","24615068","0.672884","2.182553"
"502","2","3","0","24686138","0.663159","2.187862"
"502","2","3","1","24757208","0.652815","2.191783"
"505","1","3","-1","21070728","1.131894","1.896348"
"505","1","3","0","21119880","1.127628","1.900334"
"505","1","3","1","21169032","1.122749","1.903659"
"505","2","3","-1","24623112","0.671723","2.18322"
"505","2","3","0","24694184","0.662043","2.188356"
"505","2","3","1","24765252","0.651466","2.192205"
"506","1","3","-1","21071432","1.131868","1.896399"
"506","1","3","0","21120584","1.12752","1.90037"
"506","1","3","1","21169736","1.122624","1.903732"
"506","2","3","-1","24612700","0.673281","2.182324"
"506","2","3","0","24683768","0.663507","2.187736"
"506","2","3","1","24754840","0.653176","2.19164"
"507","1","3","-1","21070092","1.132005","1.896277"
"507","1","3","0","21119244","1.127699","1.900241"
"507","1","3","1","21168396","1.122732","1.903633"
"507","2","3","-1","24615300","0.67288","2.182709"
"507","2","3","0","24686368","0.663147","2.187883"
"507","2","3","1","24757440","0.65275","2.191796"
"508","1","3","-1","21067732","1.132216","1.89609"
"508","1","3","0","21116884","1.127888","1.900101"
"508","1","3","1","21166036","1.123058","1.903442"
"508","2","3","-1","24610412","0.67352","2.182136"
"508","2","3","0","24681484","0.66377","2.18776"
"508","2","3","1","24752552","0.653507","2.191727"
"511","1","3","-1","21072368","1.131803","1.8965"
"511","1","3","0","21121520","1.127445","1.900449"
"511","1","3","1","21170672","1.122501","1.903774"
"511","2","3","-1","24615760","0.672817","2.182688"
"511","2","3","0","24686828","0.663043","2.187938"
"511","2","3","1","24757900","0.652689","2.1918"
"512","1","3","-1","21067512","1.132235","1.896045"
"512","1","3","0","21116664","1.127895","1.900069"
"512","1","3","1","21165816","1.123053","1.903423"
"512","2","3","-1","24612160","0.673307","2.182419"
"512","2","3","0","24683228","0.663526","2.187907"
"512","2","3","1","24754300","0.653289","2.191743"
"513","1","3","-1","21069780","1.132068","1.896276"
"513","1","3","0","21118932","1.127738","1.900217"
"513","1","3","1","21168084","1.122882","1.903567"
"513","2","3","-1","24616860","0.67261","2.182669"
"513","2","3","0","24687932","0.662911","2.188073"
"513","2","3","1","24759000","0.652464","2.192089"
"514","1","3","-1","21068968","1.13203","1.896209"
"514","1","3","0","21118120","1.127796","1.900197"
"514","1","3","1","21167272","1.122961","1.903523"
"514","2","3","-1","24620656","0.672098","2.182972"
"514","2","3","0","24691728","0.662335","2.188243"
"514","2","3","1","24762796","0.651891","2.192066"
"517","1","3","-1","21069108","1.132095","1.896175"
"517","1","3","0","21118260","1.127799","1.90019"
"517","1","3","1","21167412","1.122927","1.903527"
"517","2","3","-1","24611562","0.673394","2.182297"
"517","2","3","0","24682632","0.66363","2.187837"
"517","2","3","1","24753700","0.653349","2.191814"
"518","1","3","-1","21070636","1.131951","1.896344"
"518","1","3","0","21119786","1.127685","1.900257"
"518","1","3","1","21168938","1.122795","1.903634"
"518","2","3","-1","24620708","0.672079","2.182991"
"518","2","3","0","24691780","0.662359","2.188212"
"518","2","3","1","24762848","0.651852","2.192217"
"519","1","3","-1","21069772","1.131974","1.896309"
"519","1","3","0","21118924","1.127667","1.900288"
"519","1","3","1","21168076","1.122841","1.903565"
"519","2","3","-1","24617656","0.672513","2.182738"
"519","2","3","0","24688724","0.66273","2.188062"
"519","2","3","1","24759794","0.652338","2.191903"
"521","1","3","-1","21069248","1.132078","1.896211"
"521","1","3","0","21118400","1.127776","1.900223"
"521","1","3","1","21167552","1.122885","1.903536"
"521","2","3","-1","24612412","0.673273","2.182504"
"521","2","3","0","24683482","0.663497","2.187915"
"521","2","3","1","24754552","0.653235","2.191743"
"523","1","3","-1","21069220","1.132031","1.896225"
"523","1","3","0","21118372","1.127757","1.90022"
"523","1","3","1","21167524","1.122965","1.903561"
"523","2","3","-1","24622680","0.67176","2.18319"
"523","2","3","0","24693752","0.662067","2.188325"
"523","2","3","1","24764820","0.651555","2.192195"
"524","1","3","-1","21073442","1.131665","1.896607"
"524","1","3","0","21122592","1.127306","1.900544"
"524","1","3","1","21171744","1.122404","1.903859"
"524","2","3","-1","24613834","0.673038","2.18239"
"524","2","3","0","24684904","0.663271","2.187845"
"524","2","3","1","24755974","0.652964","2.191733"
"525","1","3","-1","21069390","1.132077","1.896233"
"525","1","3","0","21118542","1.127741","1.900249"
"525","1","3","1","21167692","1.122835","1.903611"
"525","2","3","-1","24617780","0.672463","2.182933"
"525","2","3","0","24688848","0.662758","2.188139"
"525","2","3","1","24759920","0.652348","2.191957"
"528","1","3","-1","21070300","1.131907","1.89634"
"528","1","3","0","21119452","1.127623","1.900321"
"528","1","3","1","21168604","1.122805","1.903628"
"528","2","3","-1","24620384","0.672104","2.182973"
"528","2","3","0","24691452","0.662365","2.188205"
"528","2","3","1","24762522","0.651858","2.192086"
"529","1","3","-1","21072100","1.13183","1.896488"
"529","1","3","0","21121252","1.127423","1.900454"
"529","1","3","1","21170404","1.122518","1.903791"
"529","2","3","-1","24614288","0.672974","2.182598"
"529","2","3","0","24685360","0.66322","2.187831"
"529","2","3","1","24756428","0.652931","2.191734"
"530","1","3","-1","21068372","1.132161","1.896135"
"530","1","3","0","21117522","1.127849","1.900137"
"530","1","3","1","21166674","1.122946","1.903502"
"530","2","3","-1","24612628","0.673204","2.182506"
"530","2","3","0","24683696","0.663413","2.187891"
"530","2","3","1","24754768","0.653088","2.191792"
"531","1","3","-1","21068668","1.132155","1.896183"
"531","1","3","0","21117820","1.127825","1.900178"
"531","1","3","1","21166972","1.122973","1.903531"
"531","2","3","-1","24614312","0.672892","2.182434"
"531","2","3","0","24685382","0.663219","2.187932"
"531","2","3","1","24756452","0.652879","2.191959"
"534","1","3","-1","21071242","1.131917","1.896356"
"534","1","3","0","21120394","1.127579","1.900351"
"534","1","3","1","21169544","1.122635","1.903749"
"534","2","3","-1","24615890","0.672739","2.182781"
"534","2","3","0","24686960","0.662999","2.188059"
"534","2","3","1","24758028","0.652666","2.191796"
"535","1","3","-1","21070142","1.13203","1.89628"
"535","1","3","0","21119294","1.127707","1.900257"
"535","1","3","1","21168444","1.122812","1.903607"
"535","2","3","-1","24610636","0.673497","2.182214"
"535","2","3","0","24681708","0.663719","2.187789"
"535","2","3","1","24752776","0.653489","2.191751"
"536","1","3","-1","21069292","1.132087","1.896234"
"536","1","3","0","21118444","1.127792","1.9002"
"536","1","3","1","21167596","1.122937","1.903544"
"536","2","3","-1","24621222","0.671975","2.182997"
"536","2","3","0","24692292","0.662279","2.188259"
"536","2","3","1","24763360","0.651764","2.192271"
"537","1","3","-1","21069948","1.131942","1.896302"
"537","1","3","0","21119100","1.127681","1.9003"
"537","1","3","1","21168252","1.122854","1.903574"
"537","2","3","-1","24619602","0.672243","2.182845"
"537","2","3","0","24690672","0.662495","2.188151"
"537","2","3","1","24761742","0.652008","2.192022"
"540","1","3","-1","21069372","1.132085","1.896216"
"540","1","3","0","21118524","1.127776","1.900205"
"540","1","3","1","21167676","1.122877","1.903553"
"540","2","3","-1","24614586","0.672908","2.182458"
"540","2","3","0","24685656","0.663181","2.187964"
"540","2","3","1","24756724","0.652843","2.191966"
"541","1","3","-1","21069060","1.132025","1.896234"
"541","1","3","0","21118212","1.12775","1.900207"
"541","1","3","1","21167364","1.122944","1.903533"
"541","2","3","-1","24622694","0.671748","2.183144"
"541","2","3","0","24693764","0.662107","2.188333"
"541","2","3","1","24764834","0.651527","2.192176"
"542","1","3","-1","21071648","1.131839","1.89646"
"542","1","3","0","21120800","1.127488","1.90041"
"542","1","3","1","21169952","1.122591","1.903742"
"542","2","3","-1","24613944","0.673041","2.182499"
"542","2","3","0","24685014","0.663298","2.187773"
"542","2","3","1","24756084","0.652966","2.191708"
"545","1","3","-1","21068708","1.13204","1.896173"
"545","1","3","0","21117860","1.127792","1.900168"
"545","1","3","1","21167010","1.122977","1.903515"
"545","2","3","-1","24622972","0.67172","2.183189"
"545","2","3","0","24694040","0.661991","2.188402"
"545","2","3","1","24765110","0.651494","2.19223"
"546","1","3","-1","21072852","1.1317","1.89657"
"546","1","3","0","21122004","1.127372","1.900488"
"546","1","3","1","21171156","1.122484","1.90383"
"546","2","3","-1","24615270","0.672807","2.182539"
"546","2","3","0","24686340","0.663093","2.187897"
"546","2","3","1","24757408","0.652708","2.191796"
"547","1","3","-1","21070000","1.132027","1.896286"
"547","1","3","0","21119152","1.127655","1.900289"
"547","1","3","1","21168304","1.122758","1.903631"
"547","2","3","-1","24615758","0.672759","2.182748"
"547","2","3","0","24686828","0.663024","2.188026"
"547","2","3","1","24757896","0.652688","2.191805"
"548","1","3","-1","21068692","1.132124","1.896145"
"548","1","3","0","21117842","1.127816","1.900187"
"548","1","3","1","21166994","1.122922","1.903511"
"548","2","3","-1","24611544","0.67335","2.182323"
"548","2","3","0","24682614","0.663592","2.187838"
"548","2","3","1","24753684","0.653325","2.19179"
"551","1","3","-1","21069836","1.131964","1.896272"
"551","1","3","0","21118988","1.12764","1.900295"
"551","1","3","1","21168140","1.122765","1.903649"
"551","2","3","-1","24614364","0.672958","2.182519"
"551","2","3","0","24685432","0.663199","2.187809"
"551","2","3","1","24756504","0.652848","2.191791"
"552","1","3","-1","21071304","1.131879","1.896417"
"552","1","3","0","21120456","1.127549","1.900346"
"552","1","3","1","21169608","1.122665","1.903708"
"552","2","3","-1","24615186","0.672806","2.182701"
"552","2","3","0","24686256","0.66309","2.188101"
"552","2","3","1","24757324","0.652742","2.191918"
"553","1","3","-1","21069368","1.13209","1.896242"
"553","1","3","0","21118520","1.127762","1.900217"
"553","1","3","1","21167670","1.122897","1.903549"
"553","2","3","-1","24615428","0.672794","2.18252"
"553","2","3","0","24686500","0.663049","2.188001"
"553","2","3","1","24757568","0.652734","2.191958"
"554","1","3","-1","21068972","1.132053","1.896243"
"554","1","3","0","21118124","1.127779","1.900232"
"554","1","3","1","21167274","1.12296","1.903525"
"554","2","3","-1","24621920","0.671851","2.183101"
"554","2","3","0","24692990","0.662166","2.188283"
"554","2","3","1","24764060","0.651656","2.192149"
"557","1","3","-1","21069252","1.132113","1.89618"
"557","1","3","0","21118404","1.12779","1.900192"
"557","1","3","1","21167556","1.122929","1.903542"
"557","2","3","-1","24611112","0.673409","2.182209"
"557","2","3","0","24682184","0.663653","2.187802"
"557","2","3","1","24753252","0.653364","2.191797"
"558","1","3","-1","21070764","1.131906","1.89636"
"558","1","3","0","21119916","1.127656","1.900305"
"558","1","3","1","21169066","1.122762","1.903655"
"558","2","3","-1","24622184","0.671867","2.18312"
"558","2","3","0","24693254","0.662102","2.188326"
"558","2","3","1","24764324","0.651659","2.192236"
"559","1","3","-1","21070524","1.131907","1.89638"
"559","1","3","0","21119674","1.127594","1.900327"
"559","1","3","1","21168826","1.122773","1.903649"
"559","2","3","-1","24617012","0.672587","2.182678"
"559","2","3","0","24688080","0.662891","2.188003"
"559","2","3","1","24759152","0.652405","2.19189"
"561","1","3","-1","21069432","1.132066","1.896232"
"561","1","3","0","21118584","1.127757","1.900243"
"561","1","3","1","21167734","1.122876","1.903576"
"561","2","3","-1","24613656","0.67308","2.182594"
"561","2","3","0","24684728","0.663314","2.187954"
"561","2","3","1","24755796","0.65301","2.191772"
"563","1","3","-1","21070692","1.13191","1.896358"
"563","1","3","0","21119844","1.12765","1.900311"
"563","1","3","1","21168994","1.122756","1.903628"
"563","2","3","-1","24622144","0.67188","2.183073"
"563","2","3","0","24693216","0.662148","2.188318"
"563","2","3","1","24764284","0.651628","2.192164"
"564","1","3","-1","21069700","1.131984","1.896281"
"564","1","3","0","21118852","1.127654","1.900246"
"564","1","3","1","21168004","1.122808","1.903625"
"564","2","3","-1","24615390","0.672816","2.182527"
"564","2","3","0","24686460","0.663074","2.187906"
"564","2","3","1","24757528","0.652656","2.19183"
"565","1","3","-1","21070748","1.13194","1.896363"
"565","1","3","0","21119900","1.127618","1.900347"
"565","1","3","1","21169052","1.122674","1.903716"
"565","2","3","-1","24616242","0.672696","2.18277"
"565","2","3","0","24687312","0.66298","2.187948"
"565","2","3","1","24758382","0.652601","2.191815"
"568","1","3","-1","21069028","1.132007","1.896216"
"568","1","3","0","21118180","1.127767","1.900234"
"568","1","3","1","21167332","1.122927","1.903524"
"568","2","3","-1","24621144","0.672019","2.183033"
"568","2","3","0","24692214","0.662238","2.188255"
"568","2","3","1","24763284","0.651801","2.192124"
"569","1","3","-1","21071888","1.131818","1.896483"
"569","1","3","0","21121040","1.127448","1.900425"
"569","1","3","1","21170192","1.122553","1.903793"
"569","2","3","-1","24615360","0.672796","2.18258"
"569","2","3","0","24686428","0.663084","2.187862"
"569","2","3","1","24757498","0.652677","2.191812"
"570","1","3","-1","21069238","1.132073","1.896219"
"570","1","3","0","21118390","1.127759","1.900217"
"570","1","3","1","21167540","1.122843","1.903588"
"570","2","3","-1","24614556","0.672919","2.182631"
"570","2","3","0","24685626","0.663222","2.18799"
"570","2","3","1","24756696","0.652871","2.191728"
"571","1","3","-1","21069120","1.132105","1.896189"
"571","1","3","0","21118272","1.127792","1.9002"
"571","1","3","1","21167424","1.122905","1.903525"
"571","2","3","-1","24611724","0.673334","2.182214"
"571","2","3","0","24682794","0.663567","2.187856"
"571","2","3","1","24753864","0.653264","2.191804"
"574","1","3","-1","21070846","1.131921","1.896343"
"574","1","3","0","21119996","1.127558","1.900338"
"574","1","3","1","21169148","1.122657","1.903706"
"574","2","3","-1","24616900","0.672638","2.182829"
"574","2","3","0","24687972","0.662888","2.187999"
"574","2","3","1","24759040","0.652469","2.191902"
"575","1","3","-1","21069948","1.132014","1.896263"
"575","1","3","0","21119098","1.127697","1.900248"
"575","1","3","1","21168250","1.122812","1.903613"
"575","2","3","-1","24611100","0.673404","2.182329"
"575","2","3","0","24682168","0.663666","2.1878"
"575","2","3","1","24753240","0.653393","2.191661"
"576","1","3","-1","21070202","1.13203","1.896283"
"576","1","3","0","21119354","1.12771","1.900282"
"576","1","3","1","21168504","1.122783","1.903615"
"576","2","3","-1","24615708","0.672743","2.182536"
"576","2","3","0","24686778","0.663007","2.187993"
"576","2","3","1","24757848","0.652678","2.192035"
"577","1","3","-1","21068672","1.132073","1.896204"
"577","1","3","0","21117824","1.127797","1.900193"
"577","1","3","1","21166976","1.123001","1.90352"
"577","2","3","-1","24623504","0.67164","2.183222"
"577","2","3","0","24694574","0.661945","2.188381"
"577","2","3","1","24765644","0.651397","2.192235"
"580","1","3","-1","21068920","1.132131","1.896181"
"580","1","3","0","21118072","1.127782","1.900162"
"580","1","3","1","21167224","1.122945","1.903547"
"580","2","3","-1","24611536","0.673322","2.182206"
"580","2","3","0","24682606","0.663602","2.187783"
"580","2","3","1","24753676","0.6533","2.191785"
"581","1","3","-1","21070510","1.131934","1.896349"
"581","1","3","0","21119662","1.127666","1.900283"
"581","1","3","1","21168812","1.12276","1.903614"
"581","2","3","-1","24622424","0.671816","2.183142"
"581","2","3","0","24693494","0.662073","2.188338"
"581","2","3","1","24764564","0.651604","2.192162"
"582","1","3","-1","21068640","1.13208","1.896208"
"582","1","3","0","21117790","1.127739","1.900217"
"582","1","3","1","21166942","1.122961","1.903558"
"582","2","3","-1","24614502","0.672927","2.182461"
"582","2","3","0","24685572","0.663244","2.18783"
"582","2","3","1","24756642","0.652825","2.191772"
"583","1","3","-1","21072320","1.131785","1.896518"
"583","1","3","0","21121472","1.127492","1.900423"
"583","1","3","1","21170624","1.122514","1.903791"
"583","2","3","-1","24616054","0.672724","2.182758"
"583","2","3","0","24687124","0.662983","2.188013"
"583","2","3","1","24758192","0.652635","2.191773"
"586","1","3","-1","21069180","1.132037","1.896217"
"586","1","3","0","21118332","1.12771","1.900231"
"586","1","3","1","21167482","1.122889","1.903586"
"586","2","3","-1","24616956","0.672605","2.182667"
"586","2","3","0","24688024","0.662856","2.188029"
"586","2","3","1","24759096","0.652439","2.191855"
"587","1","3","-1","21072160","1.131799","1.896478"
"587","1","3","0","21121310","1.127466","1.900432"
"587","1","3","1","21170462","1.122501","1.903789"
"587","2","3","-1","24614796","0.67289","2.182579"
"587","2","3","0","24685866","0.663154","2.187858"
"587","2","3","1","24756936","0.652807","2.191798"
"588","1","3","-1","21068104","1.132178","1.896142"
"588","1","3","0","21117256","1.127859","1.900137"
"588","1","3","1","21166408","1.122983","1.903453"
"588","2","3","-1","24614510","0.672897","2.18264"
"588","2","3","0","24685580","0.663162","2.188001"
"588","2","3","1","24756650","0.65291","2.191799"
"590","1","3","-1","21071362","1.131823","1.896452"
"590","1","3","0","21120512","1.127506","1.900427"
"590","1","3","1","21169664","1.122705","1.903703"
"590","2","3","-1","24622908","0.671703","2.1832"
"590","2","3","0","24693980","0.662001","2.188335"
"590","2","3","1","24765048","0.651452","2.192177"
"592","1","3","-1","21070810","1.131919","1.896358"
"592","1","3","0","21119962","1.127614","1.900318"
"592","1","3","1","21169112","1.122658","1.903671"
"592","2","3","-1","24615792","0.672732","2.182775"
"592","2","3","0","24686864","0.663039","2.188034"
"592","2","3","1","24757932","0.652647","2.191825"
"593","1","3","-1","21067736","1.132213","1.896093"
"593","1","3","0","21116888","1.127889","1.900102"
"593","1","3","1","21166040","1.123067","1.903451"
"593","2","3","-1","24610708","0.673441","2.182179"
"593","2","3","0","24681776","0.66371","2.187791"
"593","2","3","1","24752848","0.653398","2.191728"
"594","1","3","-1","21070464","1.131932","1.896361"
"594","1","3","0","21119616","1.127679","1.900327"
"594","1","3","1","21168768","1.122759","1.903634"
"594","2","3","-1","24620656","0.672052","2.182947"
"594","2","3","0","24691726","0.662319","2.188253"
"594","2","3","1","24762796","0.651899","2.192014"
"597","1","3","-1","21068786","1.132138","1.896155"
"597","1","3","0","21117936","1.127809","1.900214"
"597","1","3","1","21167088","1.122934","1.903537"
"597","2","3","-1","24612356","0.67325","2.182455"
"597","2","3","0","24683426","0.663503","2.187887"
"597","2","3","1","24754496","0.653203","2.191729"
"598","1","3","-1","21070596","1.131984","1.896316"
"598","1","3","0","21119748","1.127639","1.900313"
"598","1","3","1","21168900","1.122777","1.903647"
"598","2","3","-1","24614740","0.672838","2.182506"
"598","2","3","0","24685808","0.663138","2.187996"
"598","2","3","1","24756878","0.652792","2.19198"
"599","1","3","-1","21070696","1.131892","1.896377"
"599","1","3","0","21119848","1.127673","1.900336"
"599","1","3","1","21169000","1.122752","1.90364"
"599","2","3","-1","24622032","0.671826","2.183122"
"599","2","3","0","24693100","0.662096","2.188342"
"599","2","3","1","24764170","0.65165","2.19214"
"600","1","3","-1","21069604","1.132002","1.896293"
"600","1","3","0","21118756","1.127655","1.900298"
"600","1","3","1","21167906","1.12284","1.903649"
"600","2","3","-1","24614664","0.672884","2.182495"
"600","2","3","0","24685736","0.663171","2.187854"
"600","2","3","1","24756804","0.652796","2.191777"
"603","1","3","-1","21070246","1.132016","1.896282"
"603","1","3","0","21119398","1.127663","1.900268"
"603","1","3","1","21168548","1.122781","1.903641"
"603","2","3","-1","24619972","0.672132","2.182942"
"603","2","3","0","24691042","0.662415","2.188204"
"603","2","3","1","24762112","0.651927","2.192237"
"604","1","3","-1","21070044","1.131913","1.896315"
"604","1","3","0","21119196","1.127653","1.900286"
"604","1","3","1","21168348","1.122822","1.903589"
"604","2","3","-1","24619196","0.672282","2.182829"
"604","2","3","0","24690264","0.662537","2.18819"
"604","2","3","1","24761336","0.652115","2.191989"
"605","1","3","-1","21071514","1.131836","1.896439"
"605","1","3","0","21120666","1.127484","1.900423"
"605","1","3","1","21169816","1.122592","1.903747"
"605","2","3","-1","24616244","0.672712","2.182698"
"605","2","3","0","24687312","0.662975","2.187903"
"605","2","3","1","24758382","0.652563","2.191911"
"607","1","3","-1","21068544","1.132169","1.896165"
"607","1","3","0","21117696","1.127825","1.900172"
"607","1","3","1","21166848","1.122962","1.903512"
"607","2","3","-1","24611824","0.673293","2.182273"
"607","2","3","0","24682894","0.663542","2.187896"
"607","2","3","1","24753964","0.653264","2.191828"
"609","1","3","-1","21070612","1.131888","1.89636"
"609","1","3","0","21119764","1.127561","1.900349"
"609","1","3","1","21168914","1.122727","1.903696"
"609","2","3","-1","24615028","0.672839","2.182518"
"609","2","3","0","24686100","0.663124","2.1879"
"609","2","3","1","24757168","0.652747","2.191792"
"610","1","3","-1","21072130","1.13181","1.896469"
"610","1","3","0","21121280","1.127473","1.900404"
"610","1","3","1","21170432","1.122512","1.90378"
"610","2","3","-1","24616160","0.672685","2.182802"
"610","2","3","0","24687228","0.662953","2.187992"
"610","2","3","1","24758300","0.652576","2.19186"
"611","1","3","-1","21067884","1.13219","1.8961"
"611","1","3","0","21117036","1.127881","1.900118"
"611","1","3","1","21166188","1.123069","1.903467"
"611","2","3","-1","24610968","0.673401","2.182319"
"611","2","3","0","24682038","0.663686","2.187823"
"611","2","3","1","24753108","0.653407","2.191729"
"613","1","3","-1","21069270","1.131984","1.896261"
"613","1","3","0","21118420","1.127743","1.900215"
"613","1","3","1","21167572","1.122937","1.903569"
"613","2","3","-1","24621814","0.671884","2.183118"
"613","2","3","0","24692884","0.662165","2.188289"
"613","2","3","1","24763954","0.651627","2.192168"
"614","1","3","-1","21072676","1.131725","1.896528"
"614","1","3","0","21121828","1.12738","1.900534"
"614","1","3","1","21170980","1.122451","1.903838"
"614","2","3","-1","24613548","0.673056","2.182441"
"614","2","3","0","24684616","0.663317","2.187799"
"614","2","3","1","24755688","0.652978","2.191696"
