"sequence","sensor_id","tracker_points","frequency_hz","internal_se_hz","normalized_residual","template_gain","fit_valid","telemetry_timestamp_s","telemetry_utc","backend_rate_hz","frame_complete"
"1","1","5","21121930","1815.404541","8E-06","0.999978","True","6.0508525","2026-09-28T12:21:16.9292760Z","0","True"
"1","2","5","24690500","4143.38916","1.7E-05","1.002414","True","6.0508525","2026-09-28T12:21:16.9292760Z","0","True"
"2","1","5","21118498","2256.337158","1.2E-05","1.001766","True","6.1775301","2026-09-28T12:21:17.0594683Z","0","True"
"2","2","5","24686542","4194.359863","1.7E-05","0.997671","True","6.1775301","2026-09-28T12:21:17.0594683Z","0","True"
"3","1","5","21121478","1365.258667","4E-06","1.004715","True","6.2416735","2026-09-28T12:21:17.1231882Z","0","True"
"3","2","5","24689142","6818.873535","4.6E-05","0.999308","True","6.2416735","2026-09-28T12:21:17.1231882Z","0","True"
"4","1","5","21126026","3246.252197","2.5E-05","1.000505","True","6.3622354","2026-09-28T12:21:17.2438361Z","0","True"
"4","2","5","24685416","8144.712402","6.5E-05","1.001584","True","6.3622354","2026-09-28T12:21:17.2438361Z","0","True"
"5","1","5","21114244","2274.009033","1.2E-05","1.000142","True","6.4312651","2026-09-28T12:21:17.3128424Z","0","True"
"5","2","5","24689844","4868.32666","2.3E-05","0.999034","True","6.4312651","2026-09-28T12:21:17.3128424Z","0","True"
"6","1","5","21123726","1241.337036","4E-06","1.006199","True","6.4939637","2026-09-28T12:21:17.3757864Z","0","True"
"6","2","5","24685682","7093.238281","5E-05","0.999671","True","6.4939637","2026-09-28T12:21:17.3757864Z","0","True"
"7","1","5","21120714","2788.787842","1.8E-05","1.002347","True","6.6172131","2026-09-28T12:21:17.4995294Z","0","True"
"7","2","5","24688854","8363.137695","6.9E-05","1.001762","True","6.6172131","2026-09-28T12:21:17.4995294Z","0","True"
"8","1","5","21118288","1471.769165","5E-06","0.999103","True","6.6852881","2026-09-28T12:21:17.5622612Z","0","True"
"8","2","5","24689406","3713.462158","1.4E-05","1.000839","True","6.6852881","2026-09-28T12:21:17.5622612Z","0","True"
"9","1","5","21121328","1157.495239","3E-06","1.004384","True","6.7503071","2026-09-28T12:21:17.6325255Z","0","True"
"9","2","5","24680250","5891.635254","3.4E-05","0.997727","True","6.7503071","2026-09-28T12:21:17.6325255Z","0","True"
"10","1","5","21122084","3007.580811","2.1E-05","1.00407","True","6.875285","2026-09-28T12:21:17.7573447Z","0","True"
"10","2","5","24692834","7098.461426","4.9E-05","1.001837","True","6.875285","2026-09-28T12:21:17.7573447Z","0","True"
"11","1","5","21121454","1866.811401","8E-06","0.998454","True","6.9395679","2026-09-28T12:21:17.8215600Z","0","True"
"11","2","5","24690284","4594.121094","2.1E-05","1.00252","True","6.9395679","2026-09-28T12:21:17.8215600Z","0","True"
"12","1","5","21118112","2188.884766","1.1E-05","1.003308","True","7.0610051","2026-09-28T12:21:17.9426434Z","11.490653","True"
"12","2","5","24682252","5740.567871","3.3E-05","0.997408","True","7.0610051","2026-09-28T12:21:17.9426434Z","11.490653","True"
"13","1","5","21122188","2801.447754","1.8E-05","1.005217","True","7.1293267","2026-09-28T12:21:18.0109776Z","11.490653","True"
"13","2","5","24691428","6503.213379","4.2E-05","1.000902","True","7.1293267","2026-09-28T12:21:18.0109776Z","11.490653","True"
"14","1","5","21121670","2283.896484","1.2E-05","0.997197","True","7.193571","2026-09-28T12:21:18.0747827Z","11.490653","True"
"14","2","5","24685252","7233.706055","5.1E-05","1.002117","True","7.193571","2026-09-28T12:21:18.0747827Z","11.490653","True"
"15","1","5","21116780","1283.186768","4E-06","1.000863","True","7.3131648","2026-09-28T12:21:18.1952883Z","11.490653","True"
"15","2","5","24694412","4051.985352","1.6E-05","0.999986","True","7.3131648","2026-09-28T12:21:18.1952883Z","11.490653","True"
"16","1","5","21121512","1839.964233","8E-06","1.006669","True","7.3829972","2026-09-28T12:21:18.2651975Z","11.490653","True"
"16","2","5","24677940","7700.091797","5.8E-05","0.998677","True","7.3829972","2026-09-28T12:21:18.2651975Z","11.490653","True"
"17","1","5","21124562","2970.87085","2.1E-05","1.002248","True","7.4474092","2026-09-28T12:21:18.3287839Z","11.490653","True"
"17","2","5","24693580","6062.882324","3.6E-05","1.002337","True","7.4474092","2026-09-28T12:21:18.3287839Z","11.490653","True"
"18","1","5","21118498","1961.478149","9E-06","1.000247","True","7.5724223","2026-09-28T12:21:18.4541522Z","11.490653","True"
"18","2","5","24686982","5677.574219","3.2E-05","1.002098","True","7.5724223","2026-09-28T12:21:18.4541522Z","11.490653","True"
"19","1","5","21121188","3602.26123","3.1E-05","1.002501","True","7.6368779","2026-09-28T12:21:18.5136984Z","11.490653","True"
"19","2","5","24685712","5467.273438","3E-05","0.998034","True","7.6368779","2026-09-28T12:21:18.5136984Z","11.490653","True"
"20","1","5","21117528","1871.651855","8E-06","1.005457","True","7.7579175","2026-09-28T12:21:18.6393186Z","11.490653","True"
"20","2","5","24687952","5863.275391","3.4E-05","0.999908","True","7.7579175","2026-09-28T12:21:18.6393186Z","11.490653","True"
"21","1","5","21129576","2003.359985","1E-05","1.001633","True","7.8263979","2026-09-28T12:21:18.7080592Z","11.490653","True"
"21","2","5","24688140","7898.108887","6.1E-05","1.002497","True","7.8263979","2026-09-28T12:21:18.7080592Z","11.490653","True"
"22","1","5","21111716","2028.103394","1E-05","0.99956","True","7.8908016","2026-09-28T12:21:18.7666514Z","11.490653","True"
"22","2","5","24689664","4082.947998","1.6E-05","0.999812","True","7.8908016","2026-09-28T12:21:18.7666514Z","11.490653","True"
"23","1","5","21124144","1242.565308","4E-06","1.005729","True","8.0106602","2026-09-28T12:21:18.8925881Z","11.490653","True"
"23","2","5","24683358","6893.655762","4.7E-05","0.998613","True","8.0106602","2026-09-28T12:21:18.8925881Z","11.490653","True"
"24","1","5","21123394","2522.152588","1.5E-05","1.002233","True","8.0802906","2026-09-28T12:21:18.9597727Z","11.478626","True"
"24","2","5","24689742","8074.977539","6.4E-05","1.001562","True","8.0802906","2026-09-28T12:21:18.9597727Z","11.478626","True"
"25","1","5","21116606","1356.17334","4E-06","0.99792","True","8.1448279","2026-09-28T12:21:19.0264244Z","11.478626","True"
"25","2","5","24690032","2488.238037","6E-06","1.000532","True","8.1448279","2026-09-28T12:21:19.0264244Z","11.478626","True"
"26","1","5","21122788","1999.630493","9E-06","1.004896","True","8.2697188","2026-09-28T12:21:19.1475076Z","11.478626","True"
"26","2","5","24683148","6299.236816","3.9E-05","0.998551","True","8.2697188","2026-09-28T12:21:19.1475076Z","11.478626","True"
"27","1","5","21121918","2261.926758","1.2E-05","1.00526","True","8.3341525","2026-09-28T12:21:19.2112626Z","11.478626","True"
"27","2","5","24688182","7194.694336","5.1E-05","1.002052","True","8.3341525","2026-09-28T12:21:19.2112626Z","11.478626","True"
"28","1","5","21117994","2136.920898","1.1E-05","0.996773","True","8.4539323","2026-09-28T12:21:19.3360037Z","11.478626","True"
"28","2","5","24692336","3830.849365","1.4E-05","1.002704","True","8.4539323","2026-09-28T12:21:19.3360037Z","11.478626","True"
"29","1","5","21121842","1821.83728","8E-06","1.004595","True","8.523575","2026-09-28T12:21:19.4053632Z","11.478626","True"
"29","2","5","24681504","6007.97998","3.6E-05","0.99686","True","8.523575","2026-09-28T12:21:19.4053632Z","11.478626","True"
"30","1","5","21121380","2335.635254","1.3E-05","1.004544","True","8.586046","2026-09-28T12:21:19.4642059Z","11.478626","True"
"30","2","5","24691140","6841.220215","4.6E-05","1.001109","True","8.586046","2026-09-28T12:21:19.4642059Z","11.478626","True"
"31","1","5","21119432","2624.188721","1.6E-05","0.99896","True","8.7081701","2026-09-28T12:21:19.5901947Z","11.478626","True"
"31","2","5","24688744","3960.201172","1.5E-05","1.002347","True","8.7081701","2026-09-28T12:21:19.5901947Z","11.478626","True"
"32","1","5","21120194","1839.268433","8E-06","1.002598","True","8.7775782","2026-09-28T12:21:19.6598128Z","11.478626","True"
"32","2","5","24682816","5360.604492","2.8E-05","0.997727","True","8.7775782","2026-09-28T12:21:19.6598128Z","11.478626","True"
"33","1","5","21120088","2242.664307","1.2E-05","1.006509","True","8.8402198","2026-09-28T12:21:19.7223153Z","11.478626","True"
"33","2","5","24692260","6182.145508","3.8E-05","1.000555","True","8.8402198","2026-09-28T12:21:19.7223153Z","11.478626","True"
"34","1","5","21123588","2475.35791","1.5E-05","1.00173","True","8.9670461","2026-09-28T12:21:19.8449933Z","11.478626","True"
"34","2","5","24686506","6131.625","3.7E-05","1.001878","True","8.9670461","2026-09-28T12:21:19.8449933Z","11.478626","True"
"35","1","5","21118228","1917.027344","9E-06","1.000266","True","9.0298342","2026-09-28T12:21:19.9098979Z","11.478626","True"
"35","2","5","24687310","3145.22168","1E-05","0.998407","True","9.0298342","2026-09-28T12:21:19.9098979Z","11.478626","True"
"36","1","5","21120788","2363.263428","1.3E-05","1.004675","True","9.0940433","2026-09-28T12:21:19.9758136Z","11.507623","True"
"36","2","5","24686438","7259.12793","5.2E-05","1.000409","True","9.0940433","2026-09-28T12:21:19.9758136Z","11.507623","True"
"37","1","5","21125718","1254.460693","4E-06","1.000282","True","9.2206639","2026-09-28T12:21:20.0966642Z","11.507623","True"
"37","2","5","24689278","7566.17041","5.6E-05","1.002046","True","9.2206639","2026-09-28T12:21:20.0966642Z","11.507623","True"
"38","1","5","21114086","1753.136719","7E-06","0.998271","True","9.2833717","2026-09-28T12:21:20.1649083Z","11.507623","True"
"38","2","5","24693422","466.23114","0","1.001212","True","9.2833717","2026-09-28T12:21:20.1649083Z","11.507623","True"
"39","1","5","21122980","2293.438721","1.2E-05","1.004902","True","9.4051717","2026-09-28T12:21:20.2874561Z","11.507623","True"
"39","2","5","24679372","6471.300781","4.1E-05","0.998441","True","9.4051717","2026-09-28T12:21:20.2874561Z","11.507623","True"
"40","1","5","21121804","3344.541016","2.6E-05","1.003854","True","9.4729189","2026-09-28T12:21:20.3548075Z","11.507623","True"
"40","2","5","24690454","6643.019531","4.3E-05","1.002854","True","9.4729189","2026-09-28T12:21:20.3548075Z","11.507623","True"
"41","1","5","21119080","2355.68335","1.3E-05","0.997339","True","9.5374172","2026-09-28T12:21:20.4152621Z","11.507623","True"
"41","2","5","24692290","1919.480103","4E-06","1.000643","True","9.5374172","2026-09-28T12:21:20.4152621Z","11.507623","True"
"42","1","5","21121188","2102.769287","1E-05","1.005252","True","9.664305","2026-09-28T12:21:20.5429620Z","11.507623","True"
"42","2","5","24679740","6783.483398","4.5E-05","0.997806","True","9.664305","2026-09-28T12:21:20.5429620Z","11.507623","True"
"43","1","5","21117666","1671.731934","7E-06","1.005815","True","9.726743","2026-09-28T12:21:20.6079764Z","11.507623","True"
"43","2","5","24693986","6164.812012","3.7E-05","1.001485","True","9.726743","2026-09-28T12:21:20.6079764Z","11.507623","True"
"44","1","5","21125194","2594.892578","1.6E-05","0.999993","True","9.7912025","2026-09-28T12:21:20.6735518Z","11.507623","True"
"44","2","5","24685396","7558.661621","5.6E-05","1.002621","True","9.7912025","2026-09-28T12:21:20.6735518Z","11.507623","True"
"45","1","5","21114822","2984.668945","2.1E-05","1.001812","True","9.9232886","2026-09-28T12:21:20.8051272Z","11.507623","True"
"45","2","5","24689194","4491.650391","2E-05","0.998748","True","9.9232886","2026-09-28T12:21:20.8051272Z","11.507623","True"
"46","1","5","21122444","1511.041504","5E-06","1.005172","True","9.9807467","2026-09-28T12:21:20.8625539Z","11.507623","True"
"46","2","5","24684518","6613.474609","4.3E-05","0.999799","True","9.9807467","2026-09-28T12:21:20.8625539Z","11.507623","True"
"47","1","5","21124900","2444.609863","1.4E-05","0.999512","True","10.1002838","2026-09-28T12:21:20.9826560Z","11.507623","True"
"47","2","5","24688560","7746.150879","5.9E-05","1.001407","True","10.1002838","2026-09-28T12:21:20.9826560Z","11.507623","True"
"48","1","5","21117914","2142.156738","1.1E-05","0.999242","True","10.170082","2026-09-28T12:21:21.0469889Z","11.485178","True"
"48","2","5","24691320","2588.669189","7E-06","1.000961","True","10.170082","2026-09-28T12:21:21.0469889Z","11.485178","True"
"49","1","5","21121962","1663.51123","7E-06","1.004904","True","10.2346764","2026-09-28T12:21:21.1104001Z","11.485178","True"
"49","2","5","24680940","6518.418457","4.2E-05","0.997769","True","10.2346764","2026-09-28T12:21:21.1104001Z","11.485178","True"
"50","1","5","21121258","4057.514893","3.9E-05","1.004334","True","10.3612048","2026-09-28T12:21:21.2434918Z","11.485178","True"
"50","2","5","24689250","7534.998535","5.6E-05","1.001917","True","10.3612048","2026-09-28T12:21:21.2434918Z","11.485178","True"
"51","1","5","21120628","2430.293457","1.4E-05","0.998757","True","10.4291496","2026-09-28T12:21:21.3111290Z","11.485178","True"
"51","2","5","24688812","3560.171387","1.2E-05","1.002133","True","10.4291496","2026-09-28T12:21:21.3111290Z","11.485178","True"
"52","1","5","21122348","2489.13623","1.5E-05","1.002702","True","10.4885261","2026-09-28T12:21:21.3706998Z","11.485178","True"
"52","2","5","24684066","4823.284668","2.3E-05","0.997071","True","10.4885261","2026-09-28T12:21:21.3706998Z","11.485178","True"
"53","1","5","21119722","2537.395752","1.5E-05","1.006448","True","10.6135373","2026-09-28T12:21:21.4954890Z","11.485178","True"
"53","2","5","24689212","6148.646484","3.7E-05","1.001642","True","10.6135373","2026-09-28T12:21:21.4954890Z","11.485178","True"
"54","1","5","21125464","2048.765869","1E-05","1.00003","True","10.6780441","2026-09-28T12:21:21.5599876Z","11.485178","True"
"54","2","5","24689528","5269.979004","2.7E-05","1.002877","True","10.6780441","2026-09-28T12:21:21.5599876Z","11.485178","True"
"55","1","5","21114700","2643.616699","1.7E-05","1.001897","True","10.7990086","2026-09-28T12:21:21.6808658Z","11.485178","True"
"55","2","5","24684806","3702.659424","1.4E-05","0.997513","True","10.7990086","2026-09-28T12:21:21.6808658Z","11.485178","True"
"56","1","5","21121486","1816.613525","8E-06","1.006926","True","10.8673643","2026-09-28T12:21:21.7453087Z","11.485178","True"
"56","2","5","24689280","6026.08252","3.6E-05","0.999757","True","10.8673643","2026-09-28T12:21:21.7453087Z","11.485178","True"
"57","1","5","21124958","1659.264526","7E-06","1.000525","True","10.9332538","2026-09-28T12:21:21.8096856Z","11.485178","True"
"57","2","5","24686256","7553.40332","5.6E-05","1.003063","True","10.9332538","2026-09-28T12:21:21.8096856Z","11.485178","True"
"58","1","5","21113604","2394.90625","1.4E-05","1.000482","True","11.0518764","2026-09-28T12:21:21.9337308Z","11.485178","True"
"58","2","5","24691318","3826.155029","1.4E-05","0.998271","True","11.0518764","2026-09-28T12:21:21.9337308Z","11.485178","True"
"59","1","5","21124060","2092.75","1E-05","1.007807","True","11.1212816","2026-09-28T12:21:22.0028927Z","11.485178","True"
"59","2","5","24684226","8066.845703","6.4E-05","0.999997","True","11.1212816","2026-09-28T12:21:22.0028927Z","11.485178","True"
"60","1","5","21124670","2360.548584","1.3E-05","1.002455","True","11.1840468","2026-09-28T12:21:22.0658390Z","11.503413","True"
"60","2","5","24688676","7587.257812","5.6E-05","1.001945","True","11.1840468","2026-09-28T12:21:22.0658390Z","11.503413","True"
"61","1","5","21114646","1242.009399","4E-06","0.999451","True","11.3107858","2026-09-28T12:21:22.1928462Z","11.503413","True"
"61","2","5","24693630","1396.911377","2E-06","0.998652","True","11.3107858","2026-09-28T12:21:22.1928462Z","11.503413","True"
"62","1","5","21122998","2019.6698","1E-05","1.005656","True","11.3752049","2026-09-28T12:21:22.2571863Z","11.503413","True"
"62","2","5","24679506","7328.78125","5.3E-05","0.998413","True","11.3752049","2026-09-28T12:21:22.2571863Z","11.503413","True"
"63","1","5","21121734","2320.79541","1.3E-05","1.003621","True","11.4949795","2026-09-28T12:21:22.3758242Z","11.503413","True"
"63","2","5","24691706","6550.219727","4.2E-05","1.001287","True","11.4949795","2026-09-28T12:21:22.3758242Z","11.503413","True"
"64","1","5","21119890","2657.103516","1.7E-05","0.999103","True","11.5646639","2026-09-28T12:21:22.4468415Z","11.503413","True"
"64","2","5","24691170","3223.73584","1E-05","1.000749","True","11.5646639","2026-09-28T12:21:22.4468415Z","11.503413","True"
"65","1","5","21118992","2444.748535","1.4E-05","1.003828","True","11.6273674","2026-09-28T12:21:22.5091744Z","11.503413","True"
"65","2","5","24680632","6183.921875","3.8E-05","0.997656","True","11.6273674","2026-09-28T12:21:22.5091744Z","11.503413","True"
"66","1","5","21121238","2039.112671","1E-05","1.006855","True","11.748503","2026-09-28T12:21:22.6300410Z","11.503413","True"
"66","2","5","24692264","5028.262695","2.5E-05","1.000534","True","11.748503","2026-09-28T12:21:22.6300410Z","11.503413","True"
"67","1","5","21121592","2185.302002","1.1E-05","0.997884","True","11.8192223","2026-09-28T12:21:22.6976174Z","11.503413","True"
"67","2","5","24687772","4683.704102","2.1E-05","1.001909","True","11.8192223","2026-09-28T12:21:22.6976174Z","11.503413","True"
"68","1","5","21119700","2759.108398","1.8E-05","1.001832","True","11.8811809","2026-09-28T12:21:22.7600051Z","11.503413","True"
"68","2","5","24685680","6267.360352","3.9E-05","0.997427","True","11.8811809","2026-09-28T12:21:22.7600051Z","11.503413","True"
"69","1","5","21120792","1907.166138","9E-06","1.007882","True","12.0119563","2026-09-28T12:21:22.8940427Z","11.503413","True"
"69","2","5","24689740","5746.283203","3.3E-05","0.99904","True","12.0119563","2026-09-28T12:21:22.8940427Z","11.503413","True"
"70","1","5","21126174","2335.325195","1.3E-05","1.001369","True","12.0705666","2026-09-28T12:21:22.9524898Z","11.503413","True"
"70","2","5","24687086","7901.969238","6.1E-05","1.003016","True","12.0705666","2026-09-28T12:21:22.9524898Z","11.503413","True"
"71","1","5","21114828","2509.179932","1.5E-05","1.000756","True","12.1926817","2026-09-28T12:21:23.0745913Z","11.503413","True"
"71","2","5","24688174","4983.085938","2.4E-05","0.99924","True","12.1926817","2026-09-28T12:21:23.0745913Z","11.503413","True"
"72","1","5","21122272","1101.788696","3E-06","1.006799","True","12.2619899","2026-09-28T12:21:23.1440152Z","11.50342","True"
"72","2","5","24684514","6902.458008","4.7E-05","0.999443","True","12.2619899","2026-09-28T12:21:23.1440152Z","11.50342","True"
"73","1","5","21125984","3066.310791","2.2E-05","1.001582","True","12.3244399","2026-09-28T12:21:23.2061402Z","11.50342","True"
"73","2","5","24690026","7776.621582","5.9E-05","1.001027","True","12.3244399","2026-09-28T12:21:23.2061402Z","11.50342","True"
"74","1","5","21114180","1951.262329","9E-06","0.999616","True","12.447471","2026-09-28T12:21:23.3292667Z","11.50342","True"
"74","2","5","24690638","3266.328369","1E-05","1.000186","True","12.447471","2026-09-28T12:21:23.3292667Z","11.50342","True"
"75","1","5","21122612","1997.197754","9E-06","1.004818","True","12.5188713","2026-09-28T12:21:23.4005977Z","11.50342","True"
"75","2","5","24681502","6580.9375","4.3E-05","0.998183","True","12.5188713","2026-09-28T12:21:23.4005977Z","11.50342","True"
"76","1","5","21123118","3168.154297","2.4E-05","1.000989","True","12.5870847","2026-09-28T12:21:23.4635708Z","11.50342","True"
"76","2","5","24689924","8236.833984","6.6E-05","1.002251","True","12.5870847","2026-09-28T12:21:23.4635708Z","11.50342","True"
"77","1","5","21115918","1783.139771","8E-06","0.999306","True","12.7072769","2026-09-28T12:21:23.5890461Z","11.50342","True"
"77","2","5","24691510","3069.627441","9E-06","1.000378","True","12.7072769","2026-09-28T12:21:23.5890461Z","11.50342","True"
"78","1","5","21121480","2229.553223","1.2E-05","1.004388","True","12.7698694","2026-09-28T12:21:23.6481193Z","11.50342","True"
"78","2","5","24679500","6303.349121","3.9E-05","0.996552","True","12.7698694","2026-09-28T12:21:23.6481193Z","11.50342","True"
"79","1","5","21120304","2967.26123","2.1E-05","1.005211","True","12.834222","2026-09-28T12:21:23.7164335Z","11.50342","True"
"79","2","5","24693098","5989.878906","3.5E-05","1.000845","True","12.834222","2026-09-28T12:21:23.7164335Z","11.50342","True"
"80","1","5","21123022","1934.295654","9E-06","0.99953","True","12.9591682","2026-09-28T12:21:23.8414221Z","11.50342","True"
"80","2","5","24686556","5373.572266","2.8E-05","1.001947","True","12.9591682","2026-09-28T12:21:23.8414221Z","11.50342","True"
"81","1","5","21118140","1558.710083","6E-06","1.000453","True","13.0236065","2026-09-28T12:21:23.9039166Z","11.50342","True"
"81","2","5","24686754","4498.588379","2E-05","0.997124","True","13.0236065","2026-09-28T12:21:23.9039166Z","11.50342","True"
"82","1","5","21121804","2440.737061","1.4E-05","1.004178","True","13.1431414","2026-09-28T12:21:24.0252052Z","11.50342","True"
"82","2","5","24688878","5842.086426","3.4E-05","1.000148","True","13.1431414","2026-09-28T12:21:24.0252052Z","11.50342","True"
"83","1","5","21125078","2263.291992","1.2E-05","0.999447","True","13.2131475","2026-09-28T12:21:24.0933328Z","11.50342","True"
"83","2","5","24689102","6483.967285","4.1E-05","1.002455","True","13.2131475","2026-09-28T12:21:24.0933328Z","11.50342","True"
"84","1","5","21117274","2159.195312","1.1E-05","1.001138","True","13.2775842","2026-09-28T12:21:24.1591523Z","11.506618","True"
"84","2","5","24686110","4486.479492","2E-05","0.99846","True","13.2775842","2026-09-28T12:21:24.1591523Z","11.506618","True"
"85","1","5","21122216","1695.959106","7E-06","1.005337","True","13.4025432","2026-09-28T12:21:24.2844992Z","11.506618","True"
"85","2","5","24687274","6327.538574","3.9E-05","0.998851","True","13.4025432","2026-09-28T12:21:24.2844992Z","11.506618","True"
"86","1","5","21125846","2205.591064","1.2E-05","1.002194","True","13.4670708","2026-09-28T12:21:24.3486558Z","11.506618","True"
"86","2","5","24684928","8276.838867","6.7E-05","1.002141","True","13.4670708","2026-09-28T12:21:24.3486558Z","11.506618","True"
"87","1","5","21114482","1740.390747","7E-06","0.998877","True","13.5296846","2026-09-28T12:21:24.4117876Z","11.506618","True"
"87","2","5","24696590","433.601196","0","0.999312","True","13.5296846","2026-09-28T12:21:24.4117876Z","11.506618","True"
"88","1","5","21121832","2838.255859","1.9E-05","1.005932","True","13.6564993","2026-09-28T12:21:24.5388871Z","11.506618","True"
"88","2","5","24677062","7966.566895","6.3E-05","0.998677","True","13.6564993","2026-09-28T12:21:24.5388871Z","11.506618","True"
"89","1","5","21121220","2362.227783","1.3E-05","1.005557","True","13.7194627","2026-09-28T12:21:24.6012362Z","11.506618","True"
"89","2","5","24694672","5740.447266","3.2E-05","1.001335","True","13.7194627","2026-09-28T12:21:24.6012362Z","11.506618","True"
"90","1","5","21119748","2168.426514","1.1E-05","0.998273","True","13.8405255","2026-09-28T12:21:24.7219041Z","11.506618","True"
"90","2","5","24686242","5386.312988","2.8E-05","1.001801","True","13.8405255","2026-09-28T12:21:24.7219041Z","11.506618","True"
"91","1","5","21119574","1599.379883","6E-06","1.003252","True","13.910476","2026-09-28T12:21:24.7925067Z","11.506618","True"
"91","2","5","24684724","5567.935547","3.1E-05","0.99762","True","13.910476","2026-09-28T12:21:24.7925067Z","11.506618","True"
"92","1","5","21119546","1367.579224","4E-06","1.005682","True","13.9730202","2026-09-28T12:21:24.8552920Z","11.506618","True"
"92","2","5","24687178","5608.168457","3.1E-05","0.998701","True","13.9730202","2026-09-28T12:21:24.8552920Z","11.506618","True"
"93","1","5","21125266","2087.750488","1E-05","0.999907","True","14.099885","2026-09-28T12:21:24.9774097Z","11.506618","True"
"93","2","5","24688244","7074.813477","4.9E-05","1.001075","True","14.099885","2026-09-28T12:21:24.9774097Z","11.506618","True"
"94","1","5","21116010","2385.218994","1.4E-05","1.000353","True","14.1710168","2026-09-28T12:21:25.0532046Z","11.506618","True"
"94","2","5","24687134","3723.249756","1.4E-05","0.998899","True","14.1710168","2026-09-28T12:21:25.0532046Z","11.506618","True"
"95","1","5","21123548","1659.203491","6E-06","1.004598","True","14.2268383","2026-09-28T12:21:25.1087216Z","11.506618","True"
"95","2","5","24685672","6648.85791","4.4E-05","0.999178","True","14.2268383","2026-09-28T12:21:25.1087216Z","11.506618","True"
"96","1","5","21125934","3194.612305","2.4E-05","1.001588","True","14.3536911","2026-09-28T12:21:25.2302602Z","11.484402","True"
"96","2","5","24687588","8488.973633","7.1E-05","1.001774","True","14.3536911","2026-09-28T12:21:25.2302602Z","11.484402","True"
"97","1","5","21115078","2289.213379","1.2E-05","0.998585","True","14.4162357","2026-09-28T12:21:25.2938856Z","11.484402","True"
"97","2","5","24694270","2831.177734","8E-06","1.001615","True","14.4162357","2026-09-28T12:21:25.2938856Z","11.484402","True"
"98","1","5","21122280","1710.019775","7E-06","1.005334","True","14.5373178","2026-09-28T12:21:25.4196273Z","11.484402","True"
"98","2","5","24678622","6962.430664","4.8E-05","0.997729","True","14.5373178","2026-09-28T12:21:25.4196273Z","11.484402","True"
"99","1","5","21123370","2951.147217","2.1E-05","1.005069","True","14.6058606","2026-09-28T12:21:25.4879324Z","11.484402","True"
"99","2","5","24690812","8442.15918","7E-05","1.001221","True","14.6058606","2026-09-28T12:21:25.4879324Z","11.484402","True"
"100","1","5","21117328","2421.089844","1.4E-05","0.997888","True","14.6756455","2026-09-28T12:21:25.5571568Z","11.484402","True"
"100","2","5","24689576","3999.822998","1.6E-05","1.002157","True","14.6756455","2026-09-28T12:21:25.5571568Z","11.484402","True"
"101","1","5","21122054","2184.15918","1.1E-05","1.00461","True","14.7897647","2026-09-28T12:21:25.6720356Z","11.484402","True"
"101","2","5","24682784","5995.274414","3.6E-05","0.996363","True","14.7897647","2026-09-28T12:21:25.6720356Z","11.484402","True"
"102","1","5","21118944","2753.397461","1.8E-05","1.005877","True","14.8596728","2026-09-28T12:21:25.7414727Z","11.484402","True"
"102","2","5","24688222","6169.581055","3.7E-05","1.001405","True","14.8596728","2026-09-28T12:21:25.7414727Z","11.484402","True"
"103","1","5","21121312","2425.362061","1.4E-05","0.998854","True","14.922311","2026-09-28T12:21:25.8002867Z","11.484402","True"
"103","2","5","24689414","4697.169922","2.2E-05","1.003326","True","14.922311","2026-09-28T12:21:25.8002867Z","11.484402","True"
"104","1","5","21118954","1613.0354","6E-06","1.002321","True","15.0491187","2026-09-28T12:21:25.9314369Z","11.484402","True"
"104","2","5","24683116","5283.022949","2.8E-05","0.996908","True","15.0491187","2026-09-28T12:21:25.9314369Z","11.484402","True"
"105","1","5","21122390","1987.897583","9E-06","1.006173","True","15.1121779","2026-09-28T12:21:25.9936858Z","11.484402","True"
"105","2","5","24692950","3377.265625","1.1E-05","1.000387","True","15.1121779","2026-09-28T12:21:25.9936858Z","11.484402","True"
"106","1","5","21122392","3734.013184","3.3E-05","0.997755","True","15.2326028","2026-09-28T12:21:26.1143587Z","11.484402","True"
"106","2","5","24687612","5207.208008","2.7E-05","1.002302","True","15.2326028","2026-09-28T12:21:26.1143587Z","11.484402","True"
"107","1","5","21118056","2053.653809","1E-05","1.001984","True","15.3031092","2026-09-28T12:21:26.1801464Z","11.484402","True"
"107","2","5","24687124","4332.746094","1.9E-05","0.997471","True","15.3031092","2026-09-28T12:21:26.1801464Z","11.484402","True"
"108","1","5","21120404","1600.27771","6E-06","1.006981","True","15.3656165","2026-09-28T12:21:26.2454947Z","11.513743","True"
"108","2","5","24687566","6792.128906","4.5E-05","1.001384","True","15.3656165","2026-09-28T12:21:26.2454947Z","11.513743","True"
"109","1","5","21124052","2933.812744","2E-05","1.000561","True","15.4865312","2026-09-28T12:21:26.3686645Z","11.513743","True"
"109","2","5","24688576","6233.069336","3.8E-05","1.00252","True","15.4865312","2026-09-28T12:21:26.3686645Z","11.513743","True"
"110","1","5","21116342","2488.608887","1.5E-05","1.001802","True","15.5553348","2026-09-28T12:21:26.4372268Z","11.513743","True"
"110","2","5","24685360","3280.990723","1.1E-05","0.997471","True","15.5553348","2026-09-28T12:21:26.4372268Z","11.513743","True"
"111","1","5","21120398","1147.955933","3E-06","1.005323","True","15.6194241","2026-09-28T12:21:26.4976303Z","11.513743","True"
"111","2","5","24686638","6749.106445","4.5E-05","1.000305","True","15.6194241","2026-09-28T12:21:26.4976303Z","11.513743","True"
"112","1","5","21127240","2602.920654","1.6E-05","1.002847","True","15.7464454","2026-09-28T12:21:26.6258246Z","11.513743","True"
"112","2","5","24687792","7657.563965","5.7E-05","1.002279","True","15.7464454","2026-09-28T12:21:26.6258246Z","11.513743","True"
"113","1","5","21113832","1333.76709","4E-06","0.999917","True","15.8367732","2026-09-28T12:21:26.7187826Z","11.513743","True"
"113","2","5","24693170","699.04657","0","1.000837","True","15.8367732","2026-09-28T12:21:26.7187826Z","11.513743","True"
"114","1","5","21122260","2410.383789","1.4E-05","1.004744","True","15.9300538","2026-09-28T12:21:26.8114869Z","11.513743","True"
"114","2","5","24679162","6119.847656","3.7E-05","0.997494","True","15.9300538","2026-09-28T12:21:26.8114869Z","11.513743","True"
"115","1","5","21123716","2592.032715","1.6E-05","1.005335","True","15.9983846","2026-09-28T12:21:26.8802344Z","11.513743","True"
"115","2","5","24690138","6275.753418","3.9E-05","1.001817","True","15.9983846","2026-09-28T12:21:26.8802344Z","11.513743","True"
"116","1","5","21117398","2024.45166","1E-05","0.999209","True","16.0628871","2026-09-28T12:21:26.9451924Z","11.513743","True"
"116","2","5","24690414","3566.177246","1.2E-05","1.001673","True","16.0628871","2026-09-28T12:21:26.9451924Z","11.513743","True"
"117","1","5","21121708","3779.526367","3.4E-05","1.002891","True","16.1881044","2026-09-28T12:21:27.0589914Z","11.513743","True"
"117","2","5","24681886","6923.273926","4.7E-05","0.998997","True","16.1881044","2026-09-28T12:21:27.0589914Z","11.513743","True"
"118","1","5","21119894","2275.690674","1.2E-05","1.006198","True","16.2525735","2026-09-28T12:21:27.1323499Z","11.513743","True"
"118","2","5","24689852","6398.695312","4E-05","1.001764","True","16.2525735","2026-09-28T12:21:27.1323499Z","11.513743","True"
"119","1","5","21120734","2455.543457","1.4E-05","0.998815","True","16.3167584","2026-09-28T12:21:27.1974077Z","11.513743","True"
"119","2","5","24691288","3157.383545","1E-05","1.001713","True","16.3167584","2026-09-28T12:21:27.1974077Z","11.513743","True"
"120","1","5","21119958","2871.394287","2E-05","1.00223","True","16.4422293","2026-09-28T12:21:27.3244366Z","11.50599","True"
"120","2","5","24682458","6085.307129","3.7E-05","0.997737","True","16.4422293","2026-09-28T12:21:27.3244366Z","11.50599","True"
"121","1","5","21122988","3197.638672","2.4E-05","1.006721","True","16.5062093","2026-09-28T12:21:27.3835915Z","11.50599","True"
"121","2","5","24690954","6290.472168","3.9E-05","1.001448","True","16.5062093","2026-09-28T12:21:27.3835915Z","11.50599","True"
"122","1","5","21118852","2809.310791","1.9E-05","0.997281","True","16.6262607","2026-09-28T12:21:27.5086189Z","11.50599","True"
"122","2","5","24687256","5085.17041","2.5E-05","1.001429","True","16.6262607","2026-09-28T12:21:27.5086189Z","11.50599","True"
"123","1","5","21119240","3241.891113","2.5E-05","1.002671","True","16.6959869","2026-09-28T12:21:27.5767152Z","11.50599","True"
"123","2","5","24686314","5081.041992","2.5E-05","0.998573","True","16.6959869","2026-09-28T12:21:27.5767152Z","11.50599","True"
"124","1","5","21120270","1790.850464","8E-06","1.005371","True","16.7634073","2026-09-28T12:21:27.6430503Z","11.50599","True"
"124","2","5","24688714","5280.052246","2.7E-05","0.999664","True","16.7634073","2026-09-28T12:21:27.6430503Z","11.50599","True"
"125","1","5","21126186","3305.72876","2.6E-05","1.002825","True","16.8799516","2026-09-28T12:21:27.7618717Z","11.50599","True"
"125","2","5","24684640","7903.694336","6.1E-05","1.001236","True","16.8799516","2026-09-28T12:21:27.7618717Z","11.50599","True"
"126","1","5","21115192","1873.552246","8E-06","1.001159","True","16.9495728","2026-09-28T12:21:27.8269052Z","11.50599","True"
"126","2","5","24693708","2248.693115","5E-06","1.000436","True","16.9495728","2026-09-28T12:21:27.8269052Z","11.50599","True"
"127","1","5","21122802","903.89447","2E-06","1.004822","True","17.0122753","2026-09-28T12:21:27.8945023Z","11.50599","True"
"127","2","5","24679772","7152.770996","5.1E-05","0.997756","True","17.0122753","2026-09-28T12:21:27.8945023Z","11.50599","True"
"128","1","5","21123442","2506.843994","1.5E-05","1.003968","True","17.1390761","2026-09-28T12:21:28.0164220Z","11.50599","True"
"128","2","5","24690890","7745.17627","5.9E-05","1.001599","True","17.1390761","2026-09-28T12:21:28.0164220Z","11.50599","True"
"129","1","5","21118066","1983.896606","9E-06","0.998571","True","17.2036934","2026-09-28T12:21:28.0804975Z","11.50599","True"
"129","2","5","24688102","3273.70166","1E-05","1.002907","True","17.2036934","2026-09-28T12:21:28.0804975Z","11.50599","True"
"130","1","5","21121628","2276.64917","1.2E-05","1.002803","True","17.3229831","2026-09-28T12:21:28.2050324Z","11.50599","True"
"130","2","5","24684824","4486.733398","2E-05","0.997109","True","17.3229831","2026-09-28T12:21:28.2050324Z","11.50599","True"
"131","1","5","21122206","3200.459229","2.4E-05","1.003898","True","17.3928815","2026-09-28T12:21:28.2747546Z","11.50599","True"
"131","2","5","24690728","5878.430176","3.4E-05","1.000573","True","17.3928815","2026-09-28T12:21:28.2747546Z","11.50599","True"
"132","1","5","21122548","1845.419312","8E-06","0.998274","True","17.4555453","2026-09-28T12:21:28.3356849Z","11.491605","True"
"132","2","5","24687268","6829.324707","4.6E-05","1.003454","True","17.4555453","2026-09-28T12:21:28.3356849Z","11.491605","True"
"133","1","5","21115716","1366.590088","4E-06","1.000616","True","17.5772236","2026-09-28T12:21:28.4592361Z","11.491605","True"
"133","2","5","24687410","4188.358887","1.7E-05","0.998397","True","17.5772236","2026-09-28T12:21:28.4592361Z","11.491605","True"
"134","1","5","21122298","2437.873291","1.4E-05","1.006802","True","17.646832","2026-09-28T12:21:28.5273639Z","11.491605","True"
"134","2","5","24686826","6281.794922","3.9E-05","1.000304","True","17.646832","2026-09-28T12:21:28.5273639Z","11.491605","True"
"135","1","5","21122728","2242.907715","1.2E-05","0.99864","True","17.7093408","2026-09-28T12:21:28.5916501Z","11.491605","True"
"135","2","5","24688266","7529.433594","5.5E-05","1.002752","True","17.7093408","2026-09-28T12:21:28.5916501Z","11.491605","True"
"136","1","5","21115864","2029.891357","1E-05","0.999595","True","17.8362199","2026-09-28T12:21:28.7135546Z","11.491605","True"
"136","2","5","24689658","3616.130615","1.3E-05","0.998118","True","17.8362199","2026-09-28T12:21:28.7135546Z","11.491605","True"
"137","1","5","21121084","2049.551025","1E-05","1.006284","True","17.8990501","2026-09-28T12:21:28.7775243Z","11.491605","True"
"137","2","5","24683618","7353.061523","5.3E-05","1.00002","True","17.8990501","2026-09-28T12:21:28.7775243Z","11.491605","True"
"138","1","5","21126644","2949.894775","2.1E-05","1.003549","True","17.9632249","2026-09-28T12:21:28.8428881Z","11.491605","True"
"138","2","5","24689244","8017.211914","6.3E-05","1.001841","True","17.9632249","2026-09-28T12:21:28.8428881Z","11.491605","True"
"139","1","5","21114528","720.9422","1E-06","1.000674","True","18.0883589","2026-09-28T12:21:28.9658138Z","11.491605","True"
"139","2","5","24691136","1600.116455","3E-06","1.000005","True","18.0883589","2026-09-28T12:21:28.9658138Z","11.491605","True"
"140","1","5","21124182","1575.394653","6E-06","1.006547","True","18.152686","2026-09-28T12:21:29.0286740Z","11.491605","True"
"140","2","5","24681406","7433.423828","5.5E-05","0.998296","True","18.152686","2026-09-28T12:21:29.0286740Z","11.491605","True"
"141","1","5","21123006","3426.370361","2.8E-05","1.004328","True","18.2759828","2026-09-28T12:21:29.1573907Z","11.491605","True"
"141","2","5","24686470","8458.711914","7E-05","1.001142","True","18.2759828","2026-09-28T12:21:29.1573907Z","11.491605","True"
"142","1","5","21117992","2166.542725","1.1E-05","0.998759","True","18.347357","2026-09-28T12:21:29.2279611Z","11.491605","True"
"142","2","5","24692568","3236.04541","1E-05","1.000009","True","18.347357","2026-09-28T12:21:29.2279611Z","11.491605","True"
"143","1","5","21121744","2065.747314","1E-05","1.003671","True","18.4065455","2026-09-28T12:21:29.2884907Z","11.491605","True"
"143","2","5","24680462","6675.422363","4.4E-05","0.99782","True","18.4065455","2026-09-28T12:21:29.2884907Z","11.491605","True"
"144","1","5","21119842","3014.841797","2.1E-05","1.005415","True","18.5318989","2026-09-28T12:21:29.4092030Z","11.506303","True"
"144","2","5","24692880","5817.362793","3.3E-05","1.002066","True","18.5318989","2026-09-28T12:21:29.4092030Z","11.506303","True"
"145","1","5","21123660","1784.637573","8E-06","0.9995","True","18.5960942","2026-09-28T12:21:29.4758041Z","11.506303","True"
"145","2","5","24686592","4497.324219","2E-05","1.001738","True","18.5960942","2026-09-28T12:21:29.4758041Z","11.506303","True"
"146","1","5","21118020","2662.290527","1.7E-05","1.003075","True","18.6587825","2026-09-28T12:21:29.5402926Z","11.506303","True"
"146","2","5","24685120","6025.401855","3.6E-05","0.997787","True","18.6587825","2026-09-28T12:21:29.5402926Z","11.506303","True"
"147","1","5","21121430","2183.152588","1.1E-05","1.005846","True","18.7854217","2026-09-28T12:21:29.6636552Z","11.506303","True"
"147","2","5","24687198","6234.958008","3.8E-05","0.997368","True","18.7854217","2026-09-28T12:21:29.6636552Z","11.506303","True"
"148","1","5","21122210","2227.484863","1.2E-05","0.999166","True","18.8513348","2026-09-28T12:21:29.7292731Z","11.506303","True"
"148","2","5","24691356","5891.848145","3.4E-05","1.001658","True","18.8513348","2026-09-28T12:21:29.7292731Z","11.506303","True"
"149","1","5","21118236","3402.928223","2.7E-05","1.001575","True","18.9696049","2026-09-28T12:21:29.8519129Z","11.506303","True"
"149","2","5","24681950","4694.853516","2.2E-05","0.997948","True","18.9696049","2026-09-28T12:21:29.8519129Z","11.506303","True"
"150","1","5","21120206","855.664429","2E-06","1.006787","True","19.0394061","2026-09-28T12:21:29.9155014Z","11.506303","True"
"150","2","5","24688472","6184.888184","3.8E-05","0.999273","True","19.0394061","2026-09-28T12:21:29.9155014Z","11.506303","True"
"151","1","5","21127776","2208.058105","1.2E-05","1.002607","True","19.1018834","2026-09-28T12:21:29.9787284Z","11.506303","True"
"151","2","5","24686228","8168.675781","6.5E-05","1.002723","True","19.1018834","2026-09-28T12:21:29.9787284Z","11.506303","True"
"152","1","5","21113278","1447.081909","5E-06","1.001289","True","19.2230163","2026-09-28T12:21:30.1052892Z","11.506303","True"
"152","2","5","24689944","3801.523438","1.4E-05","1.0001","True","19.2230163","2026-09-28T12:21:30.1052892Z","11.506303","True"
"153","1","5","21123566","1992.164185","9E-06","1.005546","True","19.293362","2026-09-28T12:21:30.1748893Z","11.506303","True"
"153","2","5","24680326","7481.469727","5.5E-05","0.998421","True","19.293362","2026-09-28T12:21:30.1748893Z","11.506303","True"
"154","1","5","21122520","3486.356934","2.9E-05","1.001976","True","19.3557987","2026-09-28T12:21:30.2334581Z","11.506303","True"
"154","2","5","24690812","8245.916992","6.7E-05","1.002208","True","19.3557987","2026-09-28T12:21:30.2334581Z","11.506303","True"
"155","1","5","21115274","1758.231445","7E-06","0.999233","True","19.4828931","2026-09-28T12:21:30.3601053Z","11.506303","True"
"155","2","5","24689396","2922.981201","8E-06","1.000189","True","19.4828931","2026-09-28T12:21:30.3601053Z","11.506303","True"
"156","1","5","21121980","2195.627686","1.1E-05","1.005197","True","19.545278","2026-09-28T12:21:30.4258082Z","11.505785","True"
"156","2","5","24681812","6982.258301","4.8E-05","0.997946","True","19.545278","2026-09-28T12:21:30.4258082Z","11.505785","True"
"157","1","5","21123742","3700.322266","3.2E-05","1.005041","True","19.6674217","2026-09-28T12:21:30.5493104Z","11.505785","True"
"157","2","5","24688206","7667.598633","5.8E-05","1.002168","True","19.6674217","2026-09-28T12:21:30.5493104Z","11.505785","True"
"158","1","5","21118438","1322.38208","4E-06","0.99934","True","19.736743","2026-09-28T12:21:30.6124423Z","11.505785","True"
"158","2","5","24690770","3309.392578","1.1E-05","1.001275","True","19.736743","2026-09-28T12:21:30.6124423Z","11.505785","True"
"159","1","5","21123700","2109.410889","1E-05","1.005842","True","19.7991409","2026-09-28T12:21:30.6772552Z","11.505785","True"
"159","2","5","24678920","6546.828613","4.2E-05","0.99728","True","19.7991409","2026-09-28T12:21:30.6772552Z","11.505785","True"
"160","1","5","21119188","3310.488281","2.6E-05","1.004555","True","19.9203764","2026-09-28T12:21:30.8023577Z","11.505785","True"
"160","2","5","24691452","6928.188477","4.7E-05","1.001429","True","19.9203764","2026-09-28T12:21:30.8023577Z","11.505785","True"
"161","1","5","21122144","2329.52832","1.3E-05","0.999802","True","19.9920551","2026-09-28T12:21:30.8667784Z","11.505785","True"
"161","2","5","24688892","3994.075195","1.6E-05","1.00193","True","19.9920551","2026-09-28T12:21:30.8667784Z","11.505785","True"
"162","1","5","21120264","2476.972168","1.5E-05","1.002624","True","20.053125","2026-09-28T12:21:30.9311583Z","11.505785","True"
"162","2","5","24683000","3975.761963","1.6E-05","0.998097","True","20.053125","2026-09-28T12:21:30.9311583Z","11.505785","True"
"163","1","5","21120198","2484.988525","1.4E-05","1.006513","True","20.1800872","2026-09-28T12:21:31.0595946Z","11.505785","True"
"163","2","5","24689986","6292.601074","3.9E-05","1.000255","True","20.1800872","2026-09-28T12:21:31.0595946Z","11.505785","True"
"164","1","5","21124282","2349.212402","1.3E-05","0.999911","True","20.2427856","2026-09-28T12:21:31.1247878Z","11.505785","True"
"164","2","5","24687422","6837.234863","4.6E-05","1.002312","True","20.2427856","2026-09-28T12:21:31.1247878Z","11.505785","True"
"165","1","5","21118156","2433.89624","1.4E-05","0.999098","True","20.3635275","2026-09-28T12:21:31.2452269Z","11.505785","True"
"165","2","5","24684346","3865.994385","1.5E-05","0.998244","True","20.3635275","2026-09-28T12:21:31.2452269Z","11.505785","True"
"166","1","5","21120642","1641.134033","6E-06","1.005909","True","20.4340646","2026-09-28T12:21:31.3107284Z","11.505785","True"
"166","2","5","24687782","6217.005371","3.8E-05","0.99996","True","20.4340646","2026-09-28T12:21:31.3107284Z","11.505785","True"
"167","1","5","21126776","2149.203857","1.1E-05","1.000798","True","20.4966302","2026-09-28T12:21:31.3772771Z","11.505785","True"
"167","2","5","24686422","7375.253418","5.3E-05","1.002093","True","20.4966302","2026-09-28T12:21:31.3772771Z","11.505785","True"
"168","1","5","21112878","1802.549194","8E-06","0.998946","True","20.6160889","2026-09-28T12:21:31.4929350Z","11.51278","True"
"168","2","5","24690916","2729.599121","7E-06","0.998674","True","20.6160889","2026-09-28T12:21:31.4929350Z","11.51278","True"
"169","1","5","21125028","1518.187012","5E-06","1.007704","True","20.6858951","2026-09-28T12:21:31.5642327Z","11.51278","True"
"169","2","5","24680292","6952.54541","4.8E-05","0.999597","True","20.6858951","2026-09-28T12:21:31.5642327Z","11.51278","True"
"170","1","5","21123094","3611.728271","3.1E-05","1.002072","True","20.7505275","2026-09-28T12:21:31.6270180Z","11.51278","True"
"170","2","5","24691224","8192.915039","6.6E-05","1.002748","True","20.7505275","2026-09-28T12:21:31.6270180Z","11.51278","True"
"171","1","5","21114126","1619.312378","6E-06","1.000086","True","20.8758799","2026-09-28T12:21:31.7582371Z","11.51278","True"
"171","2","5","24688360","1478.765747","2E-06","0.997951","True","20.8758799","2026-09-28T12:21:31.7582371Z","11.51278","True"
"172","1","5","21122124","2500.565674","1.5E-05","1.005173","True","20.9397589","2026-09-28T12:21:31.8165004Z","11.51278","True"
"172","2","5","24683804","6772.303711","4.5E-05","0.998225","True","20.9397589","2026-09-28T12:21:31.8165004Z","11.51278","True"
"173","1","5","21123022","2466.809814","1.4E-05","1.004754","True","21.0598508","2026-09-28T12:21:31.9421163Z","11.51278","True"
"173","2","5","24689488","6570.481934","4.2E-05","1.001455","True","21.0598508","2026-09-28T12:21:31.9421163Z","11.51278","True"
"174","1","5","21120070","3034.39624","2.2E-05","0.998579","True","21.1294053","2026-09-28T12:21:32.0100460Z","11.51278","True"
"174","2","5","24691684","2511.491211","6E-06","1.000154","True","21.1294053","2026-09-28T12:21:32.0100460Z","11.51278","True"
"175","1","5","21119554","1977.360596","9E-06","1.003311","True","21.1917681","2026-09-28T12:21:32.0737374Z","11.51278","True"
"175","2","5","24684030","4746.598633","2.2E-05","0.997501","True","21.1917681","2026-09-28T12:21:32.0737374Z","11.51278","True"
"176","1","5","21119708","1053.508667","3E-06","1.006701","True","21.3128344","2026-09-28T12:21:32.1950002Z","11.51278","True"
"176","2","5","24690882","6361.52002","4E-05","0.999633","True","21.3128344","2026-09-28T12:21:32.1950002Z","11.51278","True"
"177","1","5","21126252","2495.388916","1.5E-05","1.001736","True","21.383456","2026-09-28T12:21:32.2592878Z","11.51278","True"
"177","2","5","24684348","7390.543945","5.4E-05","1.000744","True","21.383456","2026-09-28T12:21:32.2592878Z","11.51278","True"
"178","1","5","21115498","2145.874023","1.1E-05","0.998522","True","21.4457313","2026-09-28T12:21:32.3277997Z","11.51278","True"
"178","2","5","24690374","3150.438232","1E-05","0.999688","True","21.4457313","2026-09-28T12:21:32.3277997Z","11.51278","True"
"179","1","5","21121738","1459.792847","5E-06","1.007101","True","21.5727699","2026-09-28T12:21:32.4499806Z","11.51278","True"
"179","2","5","24684116","6570.526855","4.3E-05","0.997983","True","21.5727699","2026-09-28T12:21:32.4499806Z","11.51278","True"
"180","1","5","21123966","2735.871826","1.8E-05","1.001333","True","21.6352208","2026-09-28T12:21:32.5128810Z","11.496181","True"
"180","2","5","24690784","7643.556641","5.7E-05","1.000816","True","21.6352208","2026-09-28T12:21:32.5128810Z","11.496181","True"
"181","1","5","21115960","1906.174438","9E-06","0.999875","True","21.7573409","2026-09-28T12:21:32.6392155Z","11.496181","True"
"181","2","5","24689798","2136.092529","4E-06","1.000352","True","21.7573409","2026-09-28T12:21:32.6392155Z","11.496181","True"
"182","1","5","21124038","1776.220459","7E-06","1.005476","True","21.8265553","2026-09-28T12:21:32.7081132Z","11.496181","True"
"182","2","5","24682248","6852.614746","4.6E-05","0.997416","True","21.8265553","2026-09-28T12:21:32.7081132Z","11.496181","True"
"183","1","5","21122656","3664.020996","3.2E-05","1.003092","True","21.8891149","2026-09-28T12:21:32.7662726Z","11.496181","True"
"183","2","5","24690362","8107.663086","6.4E-05","1.001552","True","21.8891149","2026-09-28T12:21:32.7662726Z","11.496181","True"
"184","1","5","21114666","2165.155762","1.1E-05","0.999063","True","22.0106693","2026-09-28T12:21:32.8924081Z","11.496181","True"
"184","2","5","24689882","2260.598633","5E-06","1.001836","True","22.0106693","2026-09-28T12:21:32.8924081Z","11.496181","True"
"185","1","5","21124056","1814.084595","8E-06","1.005871","True","22.0805726","2026-09-28T12:21:32.9589705Z","11.496181","True"
"185","2","5","24679832","6828.82959","4.6E-05","0.997634","True","22.0805726","2026-09-28T12:21:32.9589705Z","11.496181","True"
"186","1","5","21120220","2991.119873","2.1E-05","1.0043","True","22.1431053","2026-09-28T12:21:33.0248269Z","11.496181","True"
"186","2","5","24690044","7422.35498","5.4E-05","1.001263","True","22.1431053","2026-09-28T12:21:33.0248269Z","11.496181","True"
"187","1","5","21122410","1780.625366","8E-06","0.999974","True","22.2701128","2026-09-28T12:21:33.1478653Z","11.496181","True"
"187","2","5","24689308","3349.746826","1.1E-05","1.001621","True","22.2701128","2026-09-28T12:21:33.1478653Z","11.496181","True"
"188","1","5","21118518","2157.400635","1.1E-05","1.002183","True","22.3344317","2026-09-28T12:21:33.2114943Z","11.496181","True"
"188","2","5","24683832","5044.570312","2.5E-05","0.997419","True","22.3344317","2026-09-28T12:21:33.2114943Z","11.496181","True"
"189","1","5","21121340","2465.12085","1.4E-05","1.00573","True","22.3968643","2026-09-28T12:21:33.2757994Z","11.496181","True"
"189","2","5","24689436","5682.19873","3.2E-05","1.001129","True","22.3968643","2026-09-28T12:21:33.2757994Z","11.496181","True"
"190","1","5","21126196","2165.456299","1.1E-05","1.000201","True","22.5238079","2026-09-28T12:21:33.4053575Z","11.496181","True"
"190","2","5","24687442","6682.867676","4.4E-05","1.002414","True","22.5238079","2026-09-28T12:21:33.4053575Z","11.496181","True"
"191","1","5","21115998","2038.256714","1E-05","1.000057","True","22.5864459","2026-09-28T12:21:33.4679920Z","11.496181","True"
"191","2","5","24687976","3047.781006","9E-06","0.998313","True","22.5864459","2026-09-28T12:21:33.4679920Z","11.496181","True"
"192","1","5","21120722","2106.486084","1E-05","1.006687","True","22.7078568","2026-09-28T12:21:33.5890349Z","11.506466","True"
"192","2","5","24686428","6777.724121","4.5E-05","0.999219","True","22.7078568","2026-09-28T12:21:33.5890349Z","11.506466","True"
"193","1","5","21127740","2569.059082","1.6E-05","1.002732","True","22.7779523","2026-09-28T12:21:33.6595123Z","11.506466","True"
"193","2","5","24690214","6597.891113","4.3E-05","1.000526","True","22.7779523","2026-09-28T12:21:33.6595123Z","11.506466","True"
"194","1","5","21112664","1855.256836","8E-06","0.999223","True","22.8401886","2026-09-28T12:21:33.7217365Z","11.506466","True"
"194","2","5","24688240","2833.562256","8E-06","0.999162","True","22.8401886","2026-09-28T12:21:33.7217365Z","11.506466","True"
"195","1","5","21123060","2666.384277","1.7E-05","1.005956","True","22.9601954","2026-09-28T12:21:33.8424274Z","11.506466","True"
"195","2","5","24681076","6813.757812","4.6E-05","0.999131","True","22.9601954","2026-09-28T12:21:33.8424274Z","11.506466","True"
"196","1","5","21123810","2965.360352","2.1E-05","1.003934","True","23.0297592","2026-09-28T12:21:33.9089192Z","11.506466","True"
"196","2","5","24690152","8057.104004","6.4E-05","1.002579","True","23.0297592","2026-09-28T12:21:33.9089192Z","11.506466","True"
"197","1","5","21115174","1738.692627","7E-06","0.997935","True","23.0942655","2026-09-28T12:21:33.9758439Z","11.506466","True"
"197","2","5","24690866","1431.508911","2E-06","1.000613","True","23.0942655","2026-09-28T12:21:33.9758439Z","11.506466","True"
"198","1","5","21123130","2201.196533","1.1E-05","1.004814","True","23.2192392","2026-09-28T12:21:34.0968869Z","11.506466","True"
"198","2","5","24680702","6649.60498","4.4E-05","0.997871","True","23.2192392","2026-09-28T12:21:34.0968869Z","11.506466","True"
"199","1","5","21123236","2989.431641","2.1E-05","1.003942","True","23.2837071","2026-09-28T12:21:34.1612411Z","11.506466","True"
"199","2","5","24691428","6545.015137","4.2E-05","1.001992","True","23.2837071","2026-09-28T12:21:34.1612411Z","11.506466","True"
"200","1","5","21118826","1828.334473","8E-06","0.998173","True","23.4040304","2026-09-28T12:21:34.2859557Z","11.506466","True"
"200","2","5","24692284","2840.662598","8E-06","1.000677","True","23.4040304","2026-09-28T12:21:34.2859557Z","11.506466","True"
"201","1","5","21120628","1991.67981","9E-06","1.005441","True","23.4731288","2026-09-28T12:21:34.3553745Z","11.506466","True"
"201","2","5","24679892","6471.154297","4.1E-05","0.997691","True","23.4731288","2026-09-28T12:21:34.3553745Z","11.506466","True"
"202","1","5","21122836","1454.91394","5E-06","1.005762","True","23.5375881","2026-09-28T12:21:34.4163965Z","11.506466","True"
"202","2","5","24692026","5750.519531","3.2E-05","1.001221","True","23.5375881","2026-09-28T12:21:34.4163965Z","11.506466","True"
"203","1","5","21119308","2432.141357","1.4E-05","0.998203","True","23.6571702","2026-09-28T12:21:34.5309344Z","11.506466","True"
"203","2","5","24690286","3885.697998","1.5E-05","1.000662","True","23.6571702","2026-09-28T12:21:34.5309344Z","11.506466","True"
"204","1","5","21122360","1872.412231","8E-06","1.003816","True","23.7271173","2026-09-28T12:21:34.6091927Z","11.511008","True"
"204","2","5","24681344","5299.413086","2.8E-05","0.997148","True","23.7271173","2026-09-28T12:21:34.6091927Z","11.511008","True"
"205","1","5","21120238","2740.576904","1.8E-05","1.005815","True","23.7895658","2026-09-28T12:21:34.6650311Z","11.511008","True"
"205","2","5","24690892","5911.105957","3.4E-05","1.000667","True","23.7895658","2026-09-28T12:21:34.6650311Z","11.511008","True"
"206","1","5","21125018","3045.645752","2.2E-05","1.000243","True","23.9166433","2026-09-28T12:21:34.7985397Z","11.511008","True"
"206","2","5","24687980","6517.882812","4.2E-05","1.00188","True","23.9166433","2026-09-28T12:21:34.7985397Z","11.511008","True"
"207","1","5","21117634","2580.324463","1.6E-05","1.001961","True","23.9809909","2026-09-28T12:21:34.8631910Z","11.511008","True"
"207","2","5","24684398","4374.674805","1.9E-05","0.999477","True","23.9809909","2026-09-28T12:21:34.8631910Z","11.511008","True"
"208","1","5","21119156","1596.579956","6E-06","1.006273","True","24.1007641","2026-09-28T12:21:34.9829351Z","11.511008","True"
"208","2","5","24688258","6262.404785","3.9E-05","0.999084","True","24.1007641","2026-09-28T12:21:34.9829351Z","11.511008","True"
"209","1","5","21126300","2902.687256","2E-05","1.000694","True","24.1703493","2026-09-28T12:21:35.0469852Z","11.511008","True"
"209","2","5","24687756","6920.215332","4.7E-05","1.0014","True","24.1703493","2026-09-28T12:21:35.0469852Z","11.511008","True"
"210","1","5","21116464","2889.390625","2E-05","1.000163","True","24.2329562","2026-09-28T12:21:35.1106946Z","11.511008","True"
"210","2","5","24686260","7769.25293","6E-05","0.997119","True","24.2329562","2026-09-28T12:21:35.1106946Z","11.511008","True"
"211","1","5","21120716","1982.088135","9E-06","1.00546","True","24.3545979","2026-09-28T12:21:35.2365411Z","11.511008","True"
"211","2","5","24686178","6618.471191","4.3E-05","0.997636","True","24.3545979","2026-09-28T12:21:35.2365411Z","11.511008","True"
"212","1","5","21126294","3397.709717","2.7E-05","1.005136","True","24.4242502","2026-09-28T12:21:35.3064274Z","11.511008","True"
"212","2","5","24686448","8540.732422","7.2E-05","1.001211","True","24.4242502","2026-09-28T12:21:35.3064274Z","11.511008","True"
"213","1","5","21116130","1985.872559","9E-06","0.99981","True","24.4868089","2026-09-28T12:21:35.3649804Z","11.511008","True"
"213","2","5","24695078","2756.731201","7E-06","1.001034","True","24.4868089","2026-09-28T12:21:35.3649804Z","11.511008","True"
"214","1","5","21122676","1515.831299","5E-06","1.005824","True","24.6137419","2026-09-28T12:21:35.4957094Z","11.511008","True"
"214","2","5","24678098","7150.733398","5.1E-05","0.997422","True","24.6137419","2026-09-28T12:21:35.4957094Z","11.511008","True"
"215","1","5","21123528","3357.44873","2.7E-05","1.004751","True","24.6784745","2026-09-28T12:21:35.5601337Z","11.511008","True"
"215","2","5","24693398","6985.54834","4.8E-05","1.001297","True","24.6784745","2026-09-28T12:21:35.5601337Z","11.511008","True"
"216","1","5","21120232","2947.658936","2.1E-05","0.997648","True","24.7978201","2026-09-28T12:21:35.6801287Z","11.501516","True"
"216","2","5","24687734","4636.866699","2.1E-05","1.001949","True","24.7978201","2026-09-28T12:21:35.6801287Z","11.501516","True"
"217","1","5","21120250","1950.610596","9E-06","1.003202","True","24.867627","2026-09-28T12:21:35.7492240Z","11.501516","True"
"217","2","5","24681948","5856.961426","3.4E-05","0.996931","True","24.867627","2026-09-28T12:21:35.7492240Z","11.501516","True"
"218","1","5","21119052","3150.829102","2.3E-05","1.006158","True","24.9305148","2026-09-28T12:21:35.8124916Z","11.501516","True"
"218","2","5","24691444","6537.679688","4.2E-05","1.00142","True","24.9305148","2026-09-28T12:21:35.8124916Z","11.501516","True"
"219","1","5","21123384","2637.223877","1.7E-05","0.99904","True","25.0522466","2026-09-28T12:21:35.9341958Z","11.501516","True"
"219","2","5","24686220","5621.189941","3.1E-05","1.00223","True","25.0522466","2026-09-28T12:21:35.9341958Z","11.501516","True"
"220","1","5","21116736","1130.474854","3E-06","1.001787","True","25.1214642","2026-09-28T12:21:36.0007961Z","11.501516","True"
"220","2","5","24686780","3602.374512","1.3E-05","0.997329","True","25.1214642","2026-09-28T12:21:36.0007961Z","11.501516","True"
"221","1","5","21121098","1647.092896","6E-06","1.006079","True","25.1879538","2026-09-28T12:21:36.0619810Z","11.501516","True"
"221","2","5","24686204","6087.693359","3.6E-05","1.000146","True","25.1879538","2026-09-28T12:21:36.0619810Z","11.501516","True"
"222","1","5","21124188","2330.242676","1.3E-05","1.001237","True","25.3111106","2026-09-28T12:21:36.1931066Z","11.501516","True"
"222","2","5","24687826","7209.861816","5.1E-05","1.001323","True","25.3111106","2026-09-28T12:21:36.1931066Z","11.501516","True"
"223","1","5","21115752","1401.823853","5E-06","1.00062","True","25.3764645","2026-09-28T12:21:36.2580346Z","11.501516","True"
"223","2","5","24690950","2717.741211","7E-06","0.999046","True","25.3764645","2026-09-28T12:21:36.2580346Z","11.501516","True"
"224","1","5","21120396","1813.067017","8E-06","1.006773","True","25.4380044","2026-09-28T12:21:36.3199287Z","11.501516","True"
"224","2","5","24681766","7459.602539","5.5E-05","0.999227","True","25.4380044","2026-09-28T12:21:36.3199287Z","11.501516","True"
"225","1","5","21129364","2094.489258","1E-05","1.00233","True","25.5669104","2026-09-28T12:21:36.4468680Z","11.501516","True"
"225","2","5","24690386","8283.310547","6.7E-05","1.001499","True","25.5669104","2026-09-28T12:21:36.4468680Z","11.501516","True"
"226","1","5","21111758","1724.688477","7E-06","0.998859","True","25.6294183","2026-09-28T12:21:36.5091961Z","11.501516","True"
"226","2","5","24688590","1308.945435","2E-06","0.999541","True","25.6294183","2026-09-28T12:21:36.5091961Z","11.501516","True"
"227","1","5","21122894","2666.580566","1.7E-05","1.006899","True","25.7488331","2026-09-28T12:21:36.6312266Z","11.501516","True"
"227","2","5","24680886","7332.347656","5.3E-05","0.998124","True","25.7488331","2026-09-28T12:21:36.6312266Z","11.501516","True"
"228","1","5","21121718","2848.517334","1.9E-05","1.005664","True","25.8188209","2026-09-28T12:21:36.6952445Z","11.496835","True"
"228","2","5","24690678","6060.699219","3.6E-05","1.001927","True","25.8188209","2026-09-28T12:21:36.6952445Z","11.496835","True"
"229","1","5","21123022","2337.664795","1.3E-05","0.996724","True","25.8833316","2026-09-28T12:21:36.7600054Z","11.496835","True"
"229","2","5","24689468","5001.433594","2.4E-05","1.002664","True","25.8833316","2026-09-28T12:21:36.7600054Z","11.496835","True"
"230","1","5","21119742","1649.224609","6E-06","1.001177","True","26.0027414","2026-09-28T12:21:36.8844902Z","11.496835","True"
"230","2","5","24684602","5552.915527","3E-05","0.998283","True","26.0027414","2026-09-28T12:21:36.8844902Z","11.496835","True"
"232","1","3","21118740","2975.326416","3.5E-05","1.002035","True","26.1375349","2026-09-28T12:21:37.0123726Z","0","True"
"232","2","3","24690232","1169.131348","3E-06","0.998368","True","26.1375349","2026-09-28T12:21:37.0123726Z","0","True"
"235","1","3","21119102","5058.462891","0.0001","1.010406","True","26.2676224","2026-09-28T12:21:37.1486264Z","0","True"
"235","2","3","24683668","4847.935059","4.8E-05","0.996239","True","26.2676224","2026-09-28T12:21:37.1486264Z","0","True"
"236","1","3","21118836","2263.480469","2E-05","1.005131","True","26.324662","2026-09-28T12:21:37.2067016Z","0","True"
"236","2","3","24684356","2743.274414","1.6E-05","0.992609","True","26.324662","2026-09-28T12:21:37.2067016Z","0","True"
"237","1","3","21117716","2411.539307","2.3E-05","1.001951","True","26.3872701","2026-09-28T12:21:37.2656170Z","0","True"
"237","2","3","24694348","1476.517212","4E-06","1.003559","True","26.3872701","2026-09-28T12:21:37.2656170Z","0","True"
"238","1","3","21119902","2344.677979","2.2E-05","0.995433","True","26.4516769","2026-09-28T12:21:37.3297245Z","0","True"
"238","2","3","24684674","4826.5","4.7E-05","0.998303","True","26.4516769","2026-09-28T12:21:37.3297245Z","0","True"
"241","1","3","21121592","4319.157227","7.4E-05","1.004755","True","26.5785961","2026-09-28T12:21:37.4592608Z","0","True"
"241","2","3","24692148","1441.169678","4E-06","0.998839","True","26.5785961","2026-09-28T12:21:37.4592608Z","0","True"
"242","1","3","21118738","1222.231689","6E-06","0.996578","True","26.6412454","2026-09-28T12:21:37.5229031Z","0","True"
"242","2","3","24690952","4164.36084","3.5E-05","0.998102","True","26.6412454","2026-09-28T12:21:37.5229031Z","0","True"
"243","1","3","21121948","4016.036865","6.5E-05","0.995649","True","26.7036874","2026-09-28T12:21:37.5851036Z","0","True"
"243","2","3","24685734","1100.344116","2E-06","0.999641","True","26.7036874","2026-09-28T12:21:37.5851036Z","0","True"
"244","1","3","21116102","3961.261475","6.2E-05","1.006613","True","26.7718449","2026-09-28T12:21:37.6457666Z","0","True"
"244","2","3","24684760","4181.206055","3.6E-05","0.994365","True","26.7718449","2026-09-28T12:21:37.6457666Z","0","True"
"247","1","3","21120572","2424.667725","2.4E-05","0.998952","True","26.8934477","2026-09-28T12:21:37.7758819Z","0","True"
"247","2","3","24686654","1781.814941","6E-06","0.997512","True","26.8934477","2026-09-28T12:21:37.7758819Z","0","True"
"248","1","3","21118994","4524.525879","8.2E-05","1.002274","True","26.9575968","2026-09-28T12:21:37.8395043Z","0","True"
"248","2","3","24685796","4462.480957","4.1E-05","0.997775","True","26.9575968","2026-09-28T12:21:37.8395043Z","0","True"
"249","1","3","21117284","2738.133057","3E-05","1.004178","True","27.0201001","2026-09-28T12:21:37.9000303Z","0","True"
"249","2","3","24681982","2568.256592","1.4E-05","0.991031","True","27.0201001","2026-09-28T12:21:37.9000303Z","0","True"
"251","1","3","21119504","2640.528076","2.8E-05","0.995916","True","27.1410243","2026-09-28T12:21:38.0227729Z","19.131399","True"
"251","2","3","24686880","4233.385742","3.7E-05","0.997663","True","27.1410243","2026-09-28T12:21:38.0227729Z","19.131399","True"
"253","1","3","21117838","3727.504639","5.5E-05","1.007896","True","27.2096094","2026-09-28T12:21:38.0919775Z","19.131399","True"
"253","2","3","24682568","3462.393555","2.5E-05","0.992784","True","27.2096094","2026-09-28T12:21:38.0919775Z","19.131399","True"
"254","1","3","21119066","5215.295898","0.000109","1.001815","True","27.2759725","2026-09-28T12:21:38.1581803Z","19.131399","True"
"254","2","3","24688692","1166.608276","3E-06","0.996494","True","27.2759725","2026-09-28T12:21:38.1581803Z","19.131399","True"
"255","1","3","21119222","2366.372559","2.2E-05","1.003246","True","27.3364685","2026-09-28T12:21:38.2174595Z","19.131399","True"
"255","2","3","24693510","4345.10791","3.8E-05","1.001523","True","27.3364685","2026-09-28T12:21:38.2174595Z","19.131399","True"
"258","1","3","21117268","1737.478516","1.2E-05","1.010489","True","27.4635375","2026-09-28T12:21:38.3430220Z","19.131399","True"
"258","2","3","24681936","2457.051758","1.2E-05","0.993031","True","27.4635375","2026-09-28T12:21:38.3430220Z","19.131399","True"
"259","1","3","21119824","3803.203125","5.8E-05","1.000838","True","27.5258204","2026-09-28T12:21:38.4080659Z","19.131399","True"
"259","2","3","24693022","80.659622","0","0.997817","True","27.5258204","2026-09-28T12:21:38.4080659Z","19.131399","True"
"260","1","3","21117688","2356.984131","2.2E-05","0.999515","True","27.5903643","2026-09-28T12:21:38.4724842Z","19.131399","True"
"260","2","3","24690728","4150.342285","3.5E-05","1.00154","True","27.5903643","2026-09-28T12:21:38.4724842Z","19.131399","True"
"261","1","3","21121766","4501.282227","8.2E-05","0.995471","True","27.6529189","2026-09-28T12:21:38.5309555Z","19.131399","True"
"261","2","3","24685330","1266.478027","3E-06","0.999658","True","27.6529189","2026-09-28T12:21:38.5309555Z","19.131399","True"
"264","1","3","21119356","4443.160156","7.8E-05","1.005352","True","27.7799104","2026-09-28T12:21:38.6592095Z","19.131399","True"
"264","2","3","24692900","5926.787109","7.2E-05","0.999257","True","27.7799104","2026-09-28T12:21:38.6592095Z","19.131399","True"
"265","1","3","21120838","3960.107178","6.3E-05","0.99572","True","27.8426854","2026-09-28T12:21:38.7248260Z","19.131399","True"
"265","2","3","24686204","1835.982178","7E-06","0.997131","True","27.8426854","2026-09-28T12:21:38.7248260Z","19.131399","True"
"266","1","3","21118996","4486.163574","8E-05","1.004008","True","27.9068378","2026-09-28T12:21:38.7886212Z","19.131399","True"
"266","2","3","24684266","5407.986816","6E-05","0.998356","True","27.9068378","2026-09-28T12:21:38.7886212Z","19.131399","True"
"268","1","3","21120120","3710.912354","5.5E-05","1.004127","True","28.0260003","2026-09-28T12:21:38.9081825Z","19.131399","True"
"268","2","3","24692364","2332.278076","1.1E-05","1.000285","True","28.0260003","2026-09-28T12:21:38.9081825Z","19.131399","True"
"270","1","3","21120126","5405.477539","0.000116","1.005304","True","28.096336","2026-09-28T12:21:38.9762081Z","19.131399","True"
"270","2","3","24686920","1213.531982","3E-06","0.99903","True","28.096336","2026-09-28T12:21:38.9762081Z","19.131399","True"
"271","1","3","21117882","1339.817017","7E-06","1.010255","True","28.1588959","2026-09-28T12:21:39.0403652Z","19.139179","True"
"271","2","3","24682420","3024.612061","1.9E-05","0.992234","True","28.1588959","2026-09-28T12:21:39.0403652Z","19.139179","True"
"272","1","3","21120186","4975.270996","9.8E-05","1.005711","True","28.2232418","2026-09-28T12:21:39.1041465Z","19.139179","True"
"272","2","3","24689940","1533.227905","5E-06","0.997401","True","28.2232418","2026-09-28T12:21:39.1041465Z","19.139179","True"
"274","1","3","21120654","4740.513672","9.1E-05","0.995399","True","28.3431773","2026-09-28T12:21:39.2255584Z","19.139179","True"
"274","2","3","24684176","3454.768311","2.4E-05","0.997579","True","28.3431773","2026-09-28T12:21:39.2255584Z","19.139179","True"
"276","1","3","21118740","2394.446533","2.3E-05","1.001634","True","28.4127951","2026-09-28T12:21:39.2928976Z","19.139179","True"
"276","2","3","24685214","3348.036377","2.3E-05","0.99532","True","28.4127951","2026-09-28T12:21:39.2928976Z","19.139179","True"
"277","1","3","21117830","3850.375488","5.9E-05","1.003952","True","28.4750589","2026-09-28T12:21:39.3567263Z","19.139179","True"
"277","2","3","24693852","3104.547852","2E-05","0.999362","True","28.4750589","2026-09-28T12:21:39.3567263Z","19.139179","True"
"278","1","3","21119718","1938.258179","1.5E-05","0.993738","True","28.537586","2026-09-28T12:21:39.4172942Z","19.139179","True"
"278","2","3","24685584","1324.07019","4E-06","0.998107","True","28.537586","2026-09-28T12:21:39.4172942Z","19.139179","True"
"281","1","3","21119802","2163.088623","1.8E-05","1.007608","True","28.6646415","2026-09-28T12:21:39.5433591Z","19.139179","True"
"281","2","3","24695566","1026.189941","2E-06","1.00131","True","28.6646415","2026-09-28T12:21:39.5433591Z","19.139179","True"
"282","1","3","21119716","1845.135498","1.4E-05","0.998829","True","28.7271022","2026-09-28T12:21:39.6092287Z","19.139179","True"
"282","2","3","24685440","5937.378906","7.2E-05","0.998917","True","28.7271022","2026-09-28T12:21:39.6092287Z","19.139179","True"
"283","1","3","21119012","4955.888672","9.9E-05","0.998678","True","28.7899781","2026-09-28T12:21:39.6716773Z","19.139179","True"
"283","2","3","24685670","1900.287964","7E-06","0.996984","True","28.7899781","2026-09-28T12:21:39.6716773Z","19.139179","True"
"284","1","3","21118098","3460.894043","4.7E-05","1.007369","True","28.8540861","2026-09-28T12:21:39.7303564Z","19.139179","True"
"284","2","3","24682248","2798.462158","1.6E-05","0.991998","True","28.8540861","2026-09-28T12:21:39.7303564Z","19.139179","True"
"287","1","3","21121336","3257.404785","4.3E-05","0.998053","True","28.9811182","2026-09-28T12:21:39.8606668Z","19.139179","True"
"287","2","3","24685100","2502.726318","1.3E-05","0.999313","True","28.9811182","2026-09-28T12:21:39.8606668Z","19.139179","True"
"288","1","3","21118498","5732.674316","0.000129","1.00889","True","29.0435743","2026-09-28T12:21:39.9258757Z","19.139179","True"
"288","2","3","24682392","4291.721191","3.8E-05","0.991829","True","29.0435743","2026-09-28T12:21:39.9258757Z","19.139179","True"
"289","1","3","21117796","3575.229492","5.1E-05","1.005345","True","29.1067108","2026-09-28T12:21:39.9887223Z","19.139179","True"
"289","2","3","24686136","2995.050781","1.8E-05","0.994591","True","29.1067108","2026-09-28T12:21:39.9887223Z","19.139179","True"
"290","1","3","21118714","4962.913574","9.8E-05","1.005487","True","29.1705639","2026-09-28T12:21:40.0482555Z","19.139179","True"
"290","2","3","24692928","3495.121338","2.5E-05","1.000493","True","29.1705639","2026-09-28T12:21:40.0482555Z","19.139179","True"
"293","1","3","21117736","1471.111694","9E-06","1.00657","True","29.2974643","2026-09-28T12:21:40.1758430Z","19.117859","True"
"293","2","3","24682764","3068.584473","1.9E-05","0.991219","True","29.2974643","2026-09-28T12:21:40.1758430Z","19.117859","True"
"294","1","3","21118154","4451.9375","7.8E-05","1.008862","True","29.3599919","2026-09-28T12:21:40.2416114Z","19.117859","True"
"294","2","3","24694944","1236.770874","3E-06","1.00005","True","29.3599919","2026-09-28T12:21:40.2416114Z","19.117859","True"
"295","1","3","21119196","2188.998535","1.9E-05","0.995574","True","29.4225581","2026-09-28T12:21:40.3041012Z","19.117859","True"
"295","2","3","24684134","3486.974121","2.5E-05","0.998567","True","29.4225581","2026-09-28T12:21:40.3041012Z","19.117859","True"
"296","1","3","21118568","3900.83667","6.1E-05","1.002543","True","29.4869713","2026-09-28T12:21:40.3629611Z","19.117859","True"
"296","2","3","24687012","1512.511108","5E-06","0.996721","True","29.4869713","2026-09-28T12:21:40.3629611Z","19.117859","True"
"299","1","3","21119190","1018.818604","4E-06","1.001603","True","29.6139476","2026-09-28T12:21:40.4933919Z","19.117859","True"
"299","2","3","24692530","4203.02002","3.6E-05","1.001047","True","29.6139476","2026-09-28T12:21:40.4933919Z","19.117859","True"
"300","1","3","21121332","4105.487305","6.8E-05","0.996775","True","29.6767934","2026-09-28T12:21:40.5588814Z","19.117859","True"
"300","2","3","24684884","3015.570068","1.9E-05","0.998783","True","29.6767934","2026-09-28T12:21:40.5588814Z","19.117859","True"
"301","1","3","21117992","4503.236328","8E-05","1.008049","True","29.7389499","2026-09-28T12:21:40.6208078Z","19.117859","True"
"301","2","3","24685866","3628.256348","2.7E-05","0.995934","True","29.7389499","2026-09-28T12:21:40.6208078Z","19.117859","True"
"303","1","3","21120488","5060.746094","0.000102","1.003832","True","29.8599707","2026-09-28T12:21:40.7414758Z","19.117859","True"
"303","2","3","24693032","984.172058","2E-06","0.999517","True","29.8599707","2026-09-28T12:21:40.7414758Z","19.117859","True"
"305","1","3","21120898","3497.284668","4.9E-05","0.998918","True","29.9282963","2026-09-28T12:21:40.8105461Z","19.117859","True"
"305","2","3","24687170","2495.624023","1.3E-05","0.998908","True","29.9282963","2026-09-28T12:21:40.8105461Z","19.117859","True"
"306","1","3","21116440","3943.820557","6.1E-05","1.006613","True","29.9927933","2026-09-28T12:21:40.8747196Z","19.117859","True"
"306","2","3","24682510","3093.612305","2E-05","0.993312","True","29.9927933","2026-09-28T12:21:40.8747196Z","19.117859","True"
"307","1","3","21120658","2663.661621","2.8E-05","1.000353","True","30.0552155","2026-09-28T12:21:40.9373005Z","19.117859","True"
"307","2","3","24688286","2264.342773","1.1E-05","0.996471","True","30.0552155","2026-09-28T12:21:40.9373005Z","19.117859","True"
"310","1","3","21119628","3301.972168","4.3E-05","1.005103","True","30.1821907","2026-09-28T12:21:41.0644418Z","19.117859","True"
"310","2","3","24685146","4148.366211","3.5E-05","0.996312","True","30.1821907","2026-09-28T12:21:41.0644418Z","19.117859","True"
"311","1","3","21117400","3529.635498","4.9E-05","1.009466","True","30.2448684","2026-09-28T12:21:41.1258763Z","19.140759","True"
"311","2","3","24680868","1905.115356","8E-06","0.990817","True","30.2448684","2026-09-28T12:21:41.1258763Z","19.140759","True"
"312","1","3","21118646","3083.184082","3.8E-05","1.000787","True","30.3074361","2026-09-28T12:21:41.1893914Z","19.140759","True"
"312","2","3","24691922","1862.442871","7E-06","1.000794","True","30.3074361","2026-09-28T12:21:41.1893914Z","19.140759","True"
"313","1","3","21119558","2827.978027","3.2E-05","1.000282","True","30.3717349","2026-09-28T12:21:41.2487468Z","19.140759","True"
"313","2","3","24691670","6800.311523","9.4E-05","0.999551","True","30.3717349","2026-09-28T12:21:41.2487468Z","19.140759","True"
"316","1","3","21119278","3260.703125","4.2E-05","1.008137","True","30.4987373","2026-09-28T12:21:41.3758296Z","19.140759","True"
"316","2","3","24684682","3591.427002","2.7E-05","0.993693","True","30.4987373","2026-09-28T12:21:41.3758296Z","19.140759","True"
"317","1","3","21118946","2798.134277","3.1E-05","1.002843","True","30.5611323","2026-09-28T12:21:41.4424873Z","19.140759","True"
"317","2","3","24693644","3697.135498","2.8E-05","0.999414","True","30.5611323","2026-09-28T12:21:41.4424873Z","19.140759","True"
"318","1","3","21120934","3944.362549","6.4E-05","0.991339","True","30.624048","2026-09-28T12:21:41.5059694Z","19.140759","True"
"318","2","3","24683964","2860.856445","1.7E-05","0.99907","True","30.624048","2026-09-28T12:21:41.5059694Z","19.140759","True"
"320","1","3","21119004","506.541412","1E-06","1.005055","True","30.744923","2026-09-28T12:21:41.6258993Z","19.140759","True"
"320","2","3","24681232","3013.324219","1.9E-05","0.991471","True","30.744923","2026-09-28T12:21:41.6258993Z","19.140759","True"
"322","1","3","21119086","860.163208","3E-06","0.999273","True","30.8157527","2026-09-28T12:21:41.6953878Z","19.140759","True"
"322","2","3","24689678","4054.200195","3.3E-05","0.999791","True","30.8157527","2026-09-28T12:21:41.6953878Z","19.140759","True"
"323","1","3","21120172","4453.121094","8E-05","0.996902","True","30.8775263","2026-09-28T12:21:41.7596520Z","19.140759","True"
"323","2","3","24685562","3004.700684","1.8E-05","0.999276","True","30.8775263","2026-09-28T12:21:41.7596520Z","19.140759","True"
"324","1","3","21118464","5597.069336","0.000124","1.007089","True","30.9419349","2026-09-28T12:21:41.8239655Z","19.140759","True"
"324","2","3","24684556","3954.030029","3.2E-05","0.998205","True","30.9419349","2026-09-28T12:21:41.8239655Z","19.140759","True"
"327","1","3","21120768","2205.37207","2E-05","0.993048","True","31.0669796","2026-09-28T12:21:41.9437100Z","19.140759","True"
"327","2","3","24685542","1587.735107","5E-06","0.997224","True","31.0669796","2026-09-28T12:21:41.9437100Z","19.140759","True"
"328","1","3","21121162","3028.547119","3.7E-05","1.002174","True","31.1298448","2026-09-28T12:21:42.0091682Z","19.140759","True"
"328","2","3","24686838","1690.361938","6E-06","0.998025","True","31.1298448","2026-09-28T12:21:42.0091682Z","19.140759","True"
"329","1","3","21117482","4872.120117","9.4E-05","1.005791","True","31.1941118","2026-09-28T12:21:42.0758996Z","19.140759","True"
"329","2","3","24682232","2802.42627","1.6E-05","0.991002","True","31.1941118","2026-09-28T12:21:42.0758996Z","19.140759","True"
"330","1","3","21120054","4857.477539","9.4E-05","1.001425","True","31.2564482","2026-09-28T12:21:42.1385263Z","19.140759","True"
"330","2","3","24690690","884.945007","2E-06","0.999861","True","31.2564482","2026-09-28T12:21:42.1385263Z","19.140759","True"
"333","1","3","21120682","2695.814697","2.9E-05","1.006362","True","31.3834413","2026-09-28T12:21:42.2606739Z","19.156023","True"
"333","2","3","24687120","2943.05542","1.8E-05","0.996354","True","31.3834413","2026-09-28T12:21:42.2606739Z","19.156023","True"
"334","1","3","21117586","2725.039307","2.9E-05","1.010485","True","31.4459854","2026-09-28T12:21:42.3282773Z","19.156023","True"
"334","2","3","24682676","1928.20752","8E-06","0.991407","True","31.4459854","2026-09-28T12:21:42.3282773Z","19.156023","True"
"335","1","3","21118796","4035.703125","6.4E-05","1.007665","True","31.5104328","2026-09-28T12:21:42.3925896Z","19.156023","True"
"335","2","3","24694228","322.366852","0","1.000356","True","31.5104328","2026-09-28T12:21:42.3925896Z","19.156023","True"
"336","1","3","21119578","527.26355","1E-06","0.997472","True","31.5729327","2026-09-28T12:21:42.4528206Z","19.156023","True"
"336","2","3","24687702","5223.371582","5.6E-05","0.997436","True","31.5729327","2026-09-28T12:21:42.4528206Z","19.156023","True"
"339","1","3","21119764","3085.148193","3.8E-05","1.002335","True","31.6999423","2026-09-28T12:21:42.5783484Z","19.156023","True"
"339","2","3","24686752","3078.962646","1.9E-05","0.995114","True","31.6999423","2026-09-28T12:21:42.5783484Z","19.156023","True"
"340","1","3","21118624","2731.281494","3E-05","1.003364","True","31.7622753","2026-09-28T12:21:42.6425430Z","19.156023","True"
"340","2","3","24692986","2674.774902","1.5E-05","1.000842","True","31.7622753","2026-09-28T12:21:42.6425430Z","19.156023","True"
"341","1","3","21119942","1810.785889","1.3E-05","0.997144","True","31.8265996","2026-09-28T12:21:42.7082260Z","19.156023","True"
"341","2","3","24685794","5126.681152","5.4E-05","0.99892","True","31.8265996","2026-09-28T12:21:42.7082260Z","19.156023","True"
"343","1","3","21118300","1881.776978","1.4E-05","1.008786","True","31.9463169","2026-09-28T12:21:42.8282099Z","19.156023","True"
"343","2","3","24681560","3626.378906","2.7E-05","0.992832","True","31.9463169","2026-09-28T12:21:42.8282099Z","19.156023","True"
"345","1","3","21118796","2732.486084","3E-05","1.00412","True","32.016314","2026-09-28T12:21:42.8934354Z","19.156023","True"
"345","2","3","24692304","3589.035645","2.6E-05","1.001492","True","32.016314","2026-09-28T12:21:42.8934354Z","19.156023","True"
"346","1","3","21120464","3975.218262","6.4E-05","0.994621","True","32.0787601","2026-09-28T12:21:42.9602270Z","19.156023","True"
"346","2","3","24685618","2574.85083","1.3E-05","1.000579","True","32.0787601","2026-09-28T12:21:42.9602270Z","19.156023","True"
"347","1","3","21117830","5740.574219","0.00013","1.005645","True","32.1412973","2026-09-28T12:21:43.0236579Z","19.156023","True"
"347","2","3","24685284","2836.781982","1.6E-05","0.997395","True","32.1412973","2026-09-28T12:21:43.0236579Z","19.156023","True"
"350","1","3","21119628","1485.131958","9E-06","0.999479","True","32.2681807","2026-09-28T12:21:43.1445221Z","19.156023","True"
"350","2","3","24687570","3334.124268","2.3E-05","0.997795","True","32.2681807","2026-09-28T12:21:43.1445221Z","19.156023","True"
"351","1","3","21121876","4195.083984","7E-05","1.003008","True","32.3306255","2026-09-28T12:21:43.2102500Z","19.158676","True"
"351","2","3","24687158","3528.466797","2.5E-05","0.99874","True","32.3306255","2026-09-28T12:21:43.2102500Z","19.158676","True"
"352","1","3","21117078","2907.050537","3.3E-05","1.008183","True","32.3955732","2026-09-28T12:21:43.2770114Z","19.158676","True"
"352","2","3","24681380","2108.959473","9E-06","0.991142","True","32.3955732","2026-09-28T12:21:43.2770114Z","19.158676","True"
"353","1","3","21118852","3043.596436","3.7E-05","1.006008","True","32.4616437","2026-09-28T12:21:43.3432861Z","19.158676","True"
"353","2","3","24691748","1051.257446","2E-06","1.00003","True","32.4616437","2026-09-28T12:21:43.3432861Z","19.158676","True"
"356","1","3","21119538","4804.183594","9.1E-05","1.006677","True","32.5865778","2026-09-28T12:21:43.4636363Z","19.158676","True"
"356","2","3","24684986","5417.007324","6E-05","0.997346","True","32.5865778","2026-09-28T12:21:43.4636363Z","19.158676","True"
"357","1","3","21117180","3050.136963","3.7E-05","1.006298","True","32.6490639","2026-09-28T12:21:43.5271378Z","19.158676","True"
"357","2","3","24684262","1983.064331","8E-06","0.992481","True","32.6490639","2026-09-28T12:21:43.5271378Z","19.158676","True"
"358","1","3","21119602","3557.219238","5.1E-05","1.001614","True","32.7116356","2026-09-28T12:21:43.5929774Z","19.158676","True"
"358","2","3","24694344","1735.582642","6E-06","1.003171","True","32.7116356","2026-09-28T12:21:43.5929774Z","19.158676","True"
"360","1","3","21122072","5180.686523","0.000108","0.996937","True","32.8325322","2026-09-28T12:21:43.7143994Z","19.158676","True"
"360","2","3","24688124","2639.613281","1.4E-05","0.998793","True","32.8325322","2026-09-28T12:21:43.7143994Z","19.158676","True"
"362","1","3","21119498","3666.881592","5.3E-05","1.004565","True","32.9011862","2026-09-28T12:21:43.7792524Z","19.158676","True"
"362","2","3","24685714","3202.17627","2.1E-05","0.992117","True","32.9011862","2026-09-28T12:21:43.7792524Z","19.158676","True"
"363","1","3","21117330","2720.234131","2.9E-05","1.004878","True","32.9682731","2026-09-28T12:21:43.8433330Z","19.158676","True"
"363","2","3","24693374","1940.915283","8E-06","1.000397","True","32.9682731","2026-09-28T12:21:43.8433330Z","19.158676","True"
"364","1","3","21119834","3134.067627","4E-05","0.992986","True","33.0278757","2026-09-28T12:21:43.9092168Z","19.158676","True"
"364","2","3","24685906","4242.147949","3.7E-05","0.995342","True","33.0278757","2026-09-28T12:21:43.9092168Z","19.158676","True"
"367","1","3","21119492","3564.667725","5.1E-05","1.00116","True","33.1548966","2026-09-28T12:21:44.0312725Z","19.158676","True"
"367","2","3","24690156","1185.270752","3E-06","0.998359","True","33.1548966","2026-09-28T12:21:44.0312725Z","19.158676","True"
"368","1","3","21118772","2320.229248","2.1E-05","1.002472","True","33.2197039","2026-09-28T12:21:44.0953877Z","19.158676","True"
"368","2","3","24690630","5373.735352","5.9E-05","0.999296","True","33.2197039","2026-09-28T12:21:44.0953877Z","19.158676","True"
"369","1","3","21120780","4110.28418","6.9E-05","0.994062","True","33.2818709","2026-09-28T12:21:44.1595793Z","19.158676","True"
"369","2","3","24686194","2015.568726","8E-06","1.0001","True","33.2818709","2026-09-28T12:21:44.1595793Z","19.158676","True"
"370","1","3","21117246","4842.130859","9.2E-05","1.009843","True","33.344378","2026-09-28T12:21:44.2258889Z","19.158676","True"
"370","2","3","24684714","2358.659912","1.1E-05","0.993496","True","33.344378","2026-09-28T12:21:44.2258889Z","19.158676","True"
"373","1","3","21119012","3258.983643","4.3E-05","0.997791","True","33.4713846","2026-09-28T12:21:44.3499266Z","19.157848","True"
"373","2","3","24687636","3453.858398","2.4E-05","0.99675","True","33.4713846","2026-09-28T12:21:44.3499266Z","19.157848","True"
"374","1","3","21118868","3751.544678","5.6E-05","1.001376","True","33.5339159","2026-09-28T12:21:44.4113467Z","19.157848","True"
"374","2","3","24686744","2472.658203","1.2E-05","0.997593","True","33.5339159","2026-09-28T12:21:44.4113467Z","19.157848","True"
"375","1","3","21117954","4572.251953","8.2E-05","1.01176","True","33.5985824","2026-09-28T12:21:44.4758310Z","19.157848","True"
"375","2","3","24682856","2344.138916","1.1E-05","0.99373","True","33.5985824","2026-09-28T12:21:44.4758310Z","19.157848","True"
"376","1","3","21119416","2630.562744","2.8E-05","1.003926","True","33.6610537","2026-09-28T12:21:44.5425994Z","19.157848","True"
"376","2","3","24692594","1920.392578","8E-06","1.000136","True","33.6610537","2026-09-28T12:21:44.5425994Z","19.157848","True"
"379","1","3","21120086","3726.141846","5.5E-05","1.008711","True","33.7877766","2026-09-28T12:21:44.6635501Z","19.157848","True"
"379","2","3","24683346","5970.023438","7.3E-05","0.995821","True","33.7877766","2026-09-28T12:21:44.6635501Z","19.157848","True"
"380","1","3","21118720","4028.635742","6.4E-05","1.004737","True","33.850221","2026-09-28T12:21:44.7271146Z","19.157848","True"
"380","2","3","24684192","2742.195068","1.5E-05","0.993523","True","33.850221","2026-09-28T12:21:44.7271146Z","19.157848","True"
"381","1","3","21118798","3927.952881","6.1E-05","1.005415","True","33.9148476","2026-09-28T12:21:44.7926336Z","19.157848","True"
"381","2","3","24694574","893.385315","2E-06","0.999813","True","33.9148476","2026-09-28T12:21:44.7926336Z","19.157848","True"
"383","1","3","21120224","5326.027344","0.000114","1.000638","True","34.0340075","2026-09-28T12:21:44.9162613Z","19.157848","True"
"383","2","3","24687714","3102.405273","2E-05","0.998034","True","34.0340075","2026-09-28T12:21:44.9162613Z","19.157848","True"
"385","1","3","21119458","3999.178711","6.4E-05","1.004497","True","34.1042341","2026-09-28T12:21:44.9808182Z","19.157848","True"
"385","2","3","24688840","1699.577637","6E-06","0.996782","True","34.1042341","2026-09-28T12:21:44.9808182Z","19.157848","True"
"386","1","3","21118784","2675.72168","2.9E-05","1.002861","True","34.1666118","2026-09-28T12:21:45.0443510Z","19.157848","True"
"386","2","3","24692598","4761.02832","4.6E-05","0.999309","True","34.1666118","2026-09-28T12:21:45.0443510Z","19.157848","True"
"387","1","3","21119422","2813.252197","3.2E-05","0.997469","True","34.2291854","2026-09-28T12:21:45.1092457Z","19.157848","True"
"387","2","3","24686262","2765.941406","1.6E-05","0.998397","True","34.2291854","2026-09-28T12:21:45.1092457Z","19.157848","True"
"390","1","3","21120838","3561.628662","5E-05","1.008366","True","34.3561398","2026-09-28T12:21:45.2341821Z","19.157848","True"
"390","2","3","24693394","1180.272339","3E-06","1.000954","True","34.3561398","2026-09-28T12:21:45.2341821Z","19.157848","True"
"391","1","3","21119630","1953.812378","1.5E-05","0.998889","True","34.4186625","2026-09-28T12:21:45.2978477Z","19.155127","True"
"391","2","3","24688420","2598.080322","1.4E-05","0.99919","True","34.4186625","2026-09-28T12:21:45.2978477Z","19.155127","True"
"392","1","3","21120026","4394.024414","7.8E-05","0.998502","True","34.4831236","2026-09-28T12:21:45.3608092Z","19.155127","True"
"392","2","3","24687096","2846.71875","1.7E-05","0.99778","True","34.4831236","2026-09-28T12:21:45.3608092Z","19.155127","True"
"393","1","3","21117588","4211.543945","7E-05","1.009863","True","34.5455618","2026-09-28T12:21:45.4259147Z","19.155127","True"
"393","2","3","24682436","2424.294678","1.2E-05","0.993497","True","34.5455618","2026-09-28T12:21:45.4259147Z","19.155127","True"
"396","1","3","21122038","3452.879395","4.8E-05","0.997657","True","34.6724961","2026-09-28T12:21:45.5494907Z","19.155127","True"
"396","2","3","24685436","817.124695","1E-06","0.996307","True","34.6724961","2026-09-28T12:21:45.5494907Z","19.155127","True"
"397","1","3","21118292","3305.037842","4.3E-05","1.004394","True","34.7350564","2026-09-28T12:21:45.6124061Z","19.155127","True"
"397","2","3","24683818","4084.246582","3.4E-05","0.993387","True","34.7350564","2026-09-28T12:21:45.6124061Z","19.155127","True"
"398","1","3","21117562","2903.780762","3.3E-05","1.005086","True","34.7977382","2026-09-28T12:21:45.6758643Z","19.155127","True"
"398","2","3","24684164","3338.591064","2.3E-05","0.995283","True","34.7977382","2026-09-28T12:21:45.6758643Z","19.155127","True"
"399","1","3","21119244","4558.578125","8.2E-05","1.005221","True","34.8620016","2026-09-28T12:21:45.7425469Z","19.155127","True"
"399","2","3","24694206","776.036194","1E-06","0.999498","True","34.8620016","2026-09-28T12:21:45.7425469Z","19.155127","True"
"402","1","3","21117584","2881.27417","3.2E-05","1.01575","True","34.9873038","2026-09-28T12:21:45.8648952Z","19.155127","True"
"402","2","3","24680818","4756.570312","4.7E-05","0.991728","True","34.9873038","2026-09-28T12:21:45.8648952Z","19.155127","True"
"403","1","3","21119322","4433.211426","7.9E-05","1.002117","True","35.0514504","2026-09-28T12:21:45.9275879Z","19.155127","True"
"403","2","3","24692312","1199.451782","3E-06","0.998568","True","35.0514504","2026-09-28T12:21:45.9275879Z","19.155127","True"
"404","1","3","21118408","2465.147461","2.4E-05","0.998428","True","35.1139974","2026-09-28T12:21:45.9956850Z","19.155127","True"
"404","2","3","24691078","5120.412598","5.3E-05","1.001723","True","35.1139974","2026-09-28T12:21:45.9956850Z","19.155127","True"
"406","1","3","21117928","5240.751953","0.000109","1.004988","True","35.2349535","2026-09-28T12:21:46.1173747Z","19.155127","True"
"406","2","3","24685338","3989.603271","3.3E-05","0.994281","True","35.2349535","2026-09-28T12:21:46.1173747Z","19.155127","True"
"408","1","3","21118284","3408.341797","4.6E-05","1.005932","True","35.3034337","2026-09-28T12:21:46.1814337Z","19.155127","True"
"408","2","3","24695156","2503.892578","1.3E-05","1.001475","True","35.3034337","2026-09-28T12:21:46.1814337Z","19.155127","True"
"409","1","3","21118724","2194.74585","1.9E-05","0.996743","True","35.3678042","2026-09-28T12:21:46.2451002Z","19.155127","True"
"409","2","3","24686282","2415.966309","1.2E-05","0.996143","True","35.3678042","2026-09-28T12:21:46.2451002Z","19.155127","True"
"410","1","3","21119466","5730.321777","0.000131","1.001775","True","35.4303873","2026-09-28T12:21:46.3091932Z","19.155127","True"
"410","2","3","24687024","3296.508545","2.2E-05","0.997628","True","35.4303873","2026-09-28T12:21:46.3091932Z","19.155127","True"
"413","1","3","21119712","3727.715332","5.5E-05","1.004485","True","35.557331","2026-09-28T12:21:46.4397083Z","19.134205","True"
"413","2","3","24691854","5258.87793","5.6E-05","0.999792","True","35.557331","2026-09-28T12:21:46.4397083Z","19.134205","True"
"414","1","3","21119694","3359.808105","4.5E-05","0.997425","True","35.6197568","2026-09-28T12:21:46.4965272Z","19.134205","True"
"414","2","3","24686064","2100.916016","9E-06","0.997334","True","35.6197568","2026-09-28T12:21:46.4965272Z","19.134205","True"
"415","1","3","21119352","3088.921143","3.8E-05","1.005591","True","35.6827082","2026-09-28T12:21:46.5622016Z","19.134205","True"
"415","2","3","24685360","3469.892578","2.5E-05","0.997939","True","35.6827082","2026-09-28T12:21:46.5622016Z","19.134205","True"
"416","1","3","21117400","2663.094971","2.8E-05","1.008504","True","35.7467756","2026-09-28T12:21:46.6258538Z","19.134205","True"
"416","2","3","24682206","2583.05127","1.4E-05","0.992941","True","35.7467756","2026-09-28T12:21:46.6258538Z","19.134205","True"
"419","1","3","21120782","2263.89917","2.1E-05","0.997578","True","35.8737444","2026-09-28T12:21:46.7507797Z","19.134205","True"
"419","2","3","24686682","767.466492","1E-06","1.000461","True","35.8737444","2026-09-28T12:21:46.7507797Z","19.134205","True"
"420","1","3","21117728","4626.303711","8.4E-05","1.011127","True","35.9364164","2026-09-28T12:21:46.8141476Z","19.134205","True"
"420","2","3","24683618","5134.815918","5.4E-05","0.994532","True","35.9364164","2026-09-28T12:21:46.8141476Z","19.134205","True"
"421","1","3","21119042","2516.743408","2.5E-05","1.00547","True","35.9992006","2026-09-28T12:21:46.8766337Z","19.134205","True"
"421","2","3","24685320","2973.953613","1.8E-05","0.994235","True","35.9992006","2026-09-28T12:21:46.8766337Z","19.134205","True"
"422","1","3","21119632","4227.150879","7.1E-05","1.004235","True","36.0633334","2026-09-28T12:21:46.9426063Z","19.134205","True"
"422","2","3","24693464","871.754944","2E-06","1.001957","True","36.0633334","2026-09-28T12:21:46.9426063Z","19.134205","True"
"425","1","3","21117096","2800.583252","3.1E-05","1.010318","True","36.1901832","2026-09-28T12:21:47.0672041Z","19.134205","True"
"425","2","3","24682354","4256.86084","3.7E-05","0.993873","True","36.1901832","2026-09-28T12:21:47.0672041Z","19.134205","True"
"426","1","3","21119026","3073.122803","3.8E-05","1.002411","True","36.2525637","2026-09-28T12:21:47.1293086Z","19.134205","True"
"426","2","3","24687534","1855.557129","7E-06","0.995246","True","36.2525637","2026-09-28T12:21:47.1293086Z","19.134205","True"
"427","1","3","21117800","1162.799927","5E-06","0.999741","True","36.3151368","2026-09-28T12:21:47.1939056Z","19.134205","True"
"427","2","3","24693150","4021.505615","3.3E-05","1.001443","True","36.3151368","2026-09-28T12:21:47.1939056Z","19.134205","True"
"429","1","3","21117796","4024.294678","6.4E-05","1.005372","True","36.437242","2026-09-28T12:21:47.3192130Z","19.134205","True"
"429","2","3","24687114","1895.910645","7E-06","0.996244","True","36.437242","2026-09-28T12:21:47.3192130Z","19.134205","True"
"431","1","3","21117886","4536.075195","8.2E-05","1.003433","True","36.5046106","2026-09-28T12:21:47.3832728Z","19.176859","True"
"431","2","3","24692526","1292.752075","3E-06","0.999181","True","36.5046106","2026-09-28T12:21:47.3832728Z","19.176859","True"
"432","1","3","21120084","1992.747437","1.6E-05","0.998462","True","36.5704323","2026-09-28T12:21:47.4525834Z","19.176859","True"
"432","2","3","24689570","4694.871094","4.5E-05","0.99895","True","36.5704323","2026-09-28T12:21:47.4525834Z","19.176859","True"
"433","1","3","21120128","4644.606934","8.7E-05","0.999173","True","36.6315833","2026-09-28T12:21:47.5103269Z","19.176859","True"
"433","2","3","24687124","2313.049561","1.1E-05","0.999993","True","36.6315833","2026-09-28T12:21:47.5103269Z","19.176859","True"
"436","1","3","21120598","3492.493652","4.9E-05","1.002394","True","36.7584387","2026-09-28T12:21:47.6400852Z","19.176859","True"
"436","2","3","24692146","4614.300781","4.3E-05","0.999704","True","36.7584387","2026-09-28T12:21:47.6400852Z","19.176859","True"
"437","1","3","21119664","2251.125488","2.1E-05","0.992381","True","36.8210381","2026-09-28T12:21:47.6972000Z","19.176859","True"
"437","2","3","24687706","2642.080811","1.4E-05","0.998182","True","36.8210381","2026-09-28T12:21:47.6972000Z","19.176859","True"
"438","1","3","21118306","2946.575195","3.4E-05","1.006605","True","36.8833481","2026-09-28T12:21:47.7610899Z","19.176859","True"
"438","2","3","24685584","3730.082031","2.8E-05","0.998602","True","36.8833481","2026-09-28T12:21:47.7610899Z","19.176859","True"
"439","1","3","21119610","4060.545898","6.5E-05","1.0072","True","36.9480299","2026-09-28T12:21:47.8258735Z","19.176859","True"
"439","2","3","24682640","2321.571045","1.1E-05","0.992043","True","36.9480299","2026-09-28T12:21:47.8258735Z","19.176859","True"
"442","1","3","21121570","4643.188477","8.7E-05","0.999006","True","37.0737691","2026-09-28T12:21:47.9552282Z","19.176859","True"
"442","2","3","24686714","1897.812378","7E-06","0.999982","True","37.0737691","2026-09-28T12:21:47.9552282Z","19.176859","True"
"443","1","3","21117910","3773.699219","5.6E-05","1.008903","True","37.1356982","2026-09-28T12:21:48.0128855Z","19.176859","True"
"443","2","3","24682210","4723.061035","4.6E-05","0.994461","True","37.1356982","2026-09-28T12:21:48.0128855Z","19.176859","True"
"444","1","3","21119608","2500.61792","2.5E-05","1.003585","True","37.1999012","2026-09-28T12:21:48.0775648Z","19.176859","True"
"444","2","3","24686522","3585.820557","2.7E-05","0.993418","True","37.1999012","2026-09-28T12:21:48.0775648Z","19.176859","True"
"445","1","3","21118788","3576.582031","5.1E-05","1.003966","True","37.2623888","2026-09-28T12:21:48.1425285Z","19.176859","True"
"445","2","3","24693170","1971.567383","8E-06","1.001487","True","37.2623888","2026-09-28T12:21:48.1425285Z","19.176859","True"
"448","1","3","21118804","1833.543457","1.3E-05","1.010657","True","37.3894365","2026-09-28T12:21:48.2709164Z","19.176859","True"
"448","2","3","24681684","3352.780762","2.3E-05","0.992666","True","37.3894365","2026-09-28T12:21:48.2709164Z","19.176859","True"
"449","1","3","21117792","4091.618652","6.7E-05","1.003749","True","37.4537618","2026-09-28T12:21:48.3294906Z","19.176859","True"
"449","2","3","24696396","3572.333252","2.6E-05","1.00482","True","37.4537618","2026-09-28T12:21:48.3294906Z","19.176859","True"
"450","1","3","21119032","3714.008789","5.5E-05","1.002626","True","37.5163303","2026-09-28T12:21:48.3947542Z","19.176859","True"
"450","2","3","24691112","5777.583984","6.8E-05","1.001638","True","37.5163303","2026-09-28T12:21:48.3947542Z","19.176859","True"
"452","1","3","21118178","5168.090332","0.000106","1.005928","True","37.6364826","2026-09-28T12:21:48.5185412Z","19.153765","True"
"452","2","3","24685148","2411.072021","1.2E-05","0.994713","True","37.6364826","2026-09-28T12:21:48.5185412Z","19.153765","True"
"454","1","3","21119696","4462.236816","7.9E-05","1.006432","True","37.7058294","2026-09-28T12:21:48.5877432Z","19.153765","True"
"454","2","3","24693036","613.316711","0","0.999983","True","37.7058294","2026-09-28T12:21:48.5877432Z","19.153765","True"
"455","1","3","21117708","2265.978271","2.1E-05","0.998939","True","37.7682572","2026-09-28T12:21:48.6488266Z","19.153765","True"
"455","2","3","24689034","3886.603271","3.1E-05","0.999565","True","37.7682572","2026-09-28T12:21:48.6488266Z","19.153765","True"
"456","1","3","21122100","4751.94873","9.1E-05","0.995806","True","37.8309442","2026-09-28T12:21:48.7113469Z","19.153765","True"
"456","2","3","24686020","2777.452637","1.6E-05","0.998719","True","37.8309442","2026-09-28T12:21:48.7113469Z","19.153765","True"
"459","1","3","21118620","3314.042969","4.3E-05","1.006555","True","37.957852","2026-09-28T12:21:48.8400744Z","19.153765","True"
"459","2","3","24692442","6037.120605","7.4E-05","0.998129","True","37.957852","2026-09-28T12:21:48.8400744Z","19.153765","True"
"460","1","3","21119548","2907.928955","3.4E-05","0.995269","True","38.0222538","2026-09-28T12:21:48.8980952Z","19.153765","True"
"460","2","3","24686004","2885.025635","1.7E-05","0.99868","True","38.0222538","2026-09-28T12:21:48.8980952Z","19.153765","True"
"461","1","3","21120282","3915.457275","6E-05","1.008362","True","38.0847063","2026-09-28T12:21:48.9656628Z","19.153765","True"
"461","2","3","24684224","4928.822754","5E-05","0.995694","True","38.0847063","2026-09-28T12:21:48.9656628Z","19.153765","True"
"462","1","3","21116950","1781.536987","1.3E-05","1.005476","True","38.1540585","2026-09-28T12:21:49.0258690Z","19.153765","True"
"462","2","3","24685080","1797.238403","7E-06","0.994919","True","38.1540585","2026-09-28T12:21:49.0258690Z","19.153765","True"
"465","1","3","21120218","4064.214844","6.6E-05","1.005292","True","38.2741324","2026-09-28T12:21:49.1563845Z","19.153765","True"
"465","2","3","24687510","1660.150513","6E-06","0.99785","True","38.2741324","2026-09-28T12:21:49.1563845Z","19.153765","True"
"466","1","3","21117518","2166.172119","1.8E-05","1.009906","True","38.3368749","2026-09-28T12:21:49.2142727Z","19.153765","True"
"466","2","3","24681784","1487.503418","5E-06","0.9913","True","38.3368749","2026-09-28T12:21:49.2142727Z","19.153765","True"
"467","1","3","21118592","3981.914795","6.3E-05","1.002907","True","38.401118","2026-09-28T12:21:49.2773355Z","19.153765","True"
"467","2","3","24691468","1074.262451","2E-06","0.998468","True","38.401118","2026-09-28T12:21:49.2773355Z","19.153765","True"
"468","1","3","21118336","2674.341064","2.9E-05","1.001029","True","38.4636721","2026-09-28T12:21:49.3432394Z","19.153765","True"
"468","2","3","24686636","1279.669189","3E-06","0.997522","True","38.4636721","2026-09-28T12:21:49.3432394Z","19.153765","True"
"471","1","3","21119814","2418.735107","2.3E-05","1.002945","True","38.5905511","2026-09-28T12:21:49.4729197Z","19.138887","True"
"471","2","3","24685560","3087.984619","2E-05","0.995501","True","38.5905511","2026-09-28T12:21:49.4729197Z","19.138887","True"
"472","1","3","21117130","3387.702881","4.6E-05","1.001961","True","38.6580824","2026-09-28T12:21:49.5310512Z","19.138887","True"
"472","2","3","24693034","2920.078125","1.7E-05","0.99969","True","38.6580824","2026-09-28T12:21:49.5310512Z","19.138887","True"
"473","1","3","21121174","2684.836914","2.9E-05","0.994209","True","38.7174804","2026-09-28T12:21:49.5947875Z","19.138887","True"
"473","2","3","24686078","1809.416626","7E-06","0.998015","True","38.7174804","2026-09-28T12:21:49.5947875Z","19.138887","True"
"475","1","3","21117904","1735.701172","1.2E-05","1.006318","True","38.8370924","2026-09-28T12:21:49.7195469Z","19.138887","True"
"475","2","3","24681512","3126.160645","2E-05","0.992354","True","38.8370924","2026-09-28T12:21:49.7195469Z","19.138887","True"
"477","1","3","21118920","3596.901367","5.2E-05","1.003026","True","38.9073732","2026-09-28T12:21:49.7893586Z","19.138887","True"
"477","2","3","24689754","6607.210938","8.9E-05","1.000974","True","38.9073732","2026-09-28T12:21:49.7893586Z","19.138887","True"
"478","1","3","21120212","3023.255371","3.7E-05","0.993914","True","38.9696855","2026-09-28T12:21:49.8467683Z","19.138887","True"
"478","2","3","24687158","2508.591797","1.3E-05","0.99834","True","38.9696855","2026-09-28T12:21:49.8467683Z","19.138887","True"
"479","1","3","21117766","4239.720703","7.1E-05","1.006842","True","39.0386428","2026-09-28T12:21:49.9100707Z","19.138887","True"
"479","2","3","24684424","5970.749023","7.3E-05","0.996304","True","39.0386428","2026-09-28T12:21:49.9100707Z","19.138887","True"
"482","1","3","21119948","832.143738","3E-06","0.997594","True","39.1616985","2026-09-28T12:21:50.0427593Z","19.138887","True"
"482","2","3","24686728","6017.324707","7.4E-05","0.997621","True","39.1616985","2026-09-28T12:21:50.0427593Z","19.138887","True"
"483","1","3","21119940","4072.177002","6.6E-05","1.000971","True","39.2235873","2026-09-28T12:21:50.1055390Z","19.138887","True"
"483","2","3","24688010","1183.200562","3E-06","0.996669","True","39.2235873","2026-09-28T12:21:50.1055390Z","19.138887","True"
"484","1","3","21118634","4114.380371","6.7E-05","1.009803","True","39.2858735","2026-09-28T12:21:50.1628324Z","19.138887","True"
"484","2","3","24683216","4745.784668","4.6E-05","0.99501","True","39.2858735","2026-09-28T12:21:50.1628324Z","19.138887","True"
"485","1","3","21118648","4545.362305","8.3E-05","1.001631","True","39.3500338","2026-09-28T12:21:50.2289927Z","19.138887","True"
"485","2","3","24689166","678.838257","0","0.995321","True","39.3500338","2026-09-28T12:21:50.2289927Z","19.138887","True"
"488","1","3","21118292","4990.994629","9.9E-05","1.005934","True","39.4752977","2026-09-28T12:21:50.3573895Z","19.138887","True"
"488","2","3","24685780","2669.88501","1.5E-05","0.997634","True","39.4752977","2026-09-28T12:21:50.3573895Z","19.138887","True"
"489","1","3","21119416","1338.143799","7E-06","1.005289","True","39.5380929","2026-09-28T12:21:50.4154220Z","19.138887","True"
"489","2","3","24684350","2008.548828","8E-06","0.992963","True","39.5380929","2026-09-28T12:21:50.4154220Z","19.138887","True"
"490","1","3","21118492","4116.459961","6.8E-05","1.002939","True","39.602346","2026-09-28T12:21:50.4785367Z","19.138887","True"
"490","2","3","24694248","1428.753174","4E-06","0.999697","True","39.602346","2026-09-28T12:21:50.4785367Z","19.138887","True"
"491","1","3","21119986","1090.718872","5E-06","0.995418","True","39.6667736","2026-09-28T12:21:50.5491577Z","19.151505","True"
"491","2","3","24687944","2959.96167","1.8E-05","0.998821","True","39.6667736","2026-09-28T12:21:50.5491577Z","19.151505","True"
"494","1","3","21119888","3771.591553","5.7E-05","1.002899","True","39.7917664","2026-09-28T12:21:50.6739947Z","19.151505","True"
"494","2","3","24686950","3509.629639","2.5E-05","0.996904","True","39.7917664","2026-09-28T12:21:50.6739947Z","19.151505","True"
"495","1","3","21119012","3811.933838","5.7E-05","1.007304","True","39.8544347","2026-09-28T12:21:50.7315344Z","19.151505","True"
"495","2","3","24693290","3576.231201","2.6E-05","0.998269","True","39.8544347","2026-09-28T12:21:50.7315344Z","19.151505","True"
"496","1","3","21118930","3058.335693","3.8E-05","0.994862","True","39.9191051","2026-09-28T12:21:50.7951104Z","19.151505","True"
"496","2","3","24686014","3109.610107","2E-05","0.998591","True","39.9191051","2026-09-28T12:21:50.7951104Z","19.151505","True"
"498","1","3","21117166","3300.648682","4.3E-05","1.008911","True","40.0406548","2026-09-28T12:21:50.9230939Z","19.151505","True"
"498","2","3","24683196","3220.868408","2.1E-05","0.990995","True","40.0406548","2026-09-28T12:21:50.9230939Z","19.151505","True"
"500","1","3","21117782","2633.419434","2.8E-05","1.002964","True","40.1083644","2026-09-28T12:21:50.9902617Z","19.151505","True"
"500","2","3","24692520","6680.472656","9.1E-05","0.999273","True","40.1083644","2026-09-28T12:21:50.9902617Z","19.151505","True"
"501","1","3","21121240","4070.711914","6.7E-05","0.995144","True","40.1734079","2026-09-28T12:21:51.0557002Z","19.151505","True"
"501","2","3","24686138","2441.438721","1.2E-05","0.997691","True","40.1734079","2026-09-28T12:21:51.0557002Z","19.151505","True"
"502","1","3","21119016","4658.675781","8.5E-05","1.009242","True","40.2416196","2026-09-28T12:21:51.1206128Z","19.151505","True"
"502","2","3","24686398","3098.150391","2E-05","0.995395","True","40.2416196","2026-09-28T12:21:51.1206128Z","19.151505","True"
"505","1","3","21120584","1877.645264","1.4E-05","0.999694","True","40.3621355","2026-09-28T12:21:51.2445490Z","19.151505","True"
"505","2","3","24683768","3909.501709","3.1E-05","0.998012","True","40.3621355","2026-09-28T12:21:51.2445490Z","19.151505","True"
"506","1","3","21119244","3676.655029","5.3E-05","1.006829","True","40.4246195","2026-09-28T12:21:51.3067288Z","19.151505","True"
"506","2","3","24686370","2064.905518","9E-06","0.998686","True","40.4246195","2026-09-28T12:21:51.3067288Z","19.151505","True"
"507","1","3","21116884","1362.322388","7E-06","1.009909","True","40.4891219","2026-09-28T12:21:51.3654837Z","19.151505","True"
"507","2","3","24681484","4984.154785","5.1E-05","0.994864","True","40.4891219","2026-09-28T12:21:51.3654837Z","19.151505","True"
"508","1","3","21119106","3987.827148","6.3E-05","1.002957","True","40.5515186","2026-09-28T12:21:51.4291573Z","19.151505","True"
"508","2","3","24693266","871.239624","2E-06","1.000658","True","40.5515186","2026-09-28T12:21:51.4291573Z","19.151505","True"
"511","1","3","21116664","3817.174561","5.7E-05","1.00699","True","40.6786145","2026-09-28T12:21:51.5600436Z","19.151648","True"
"511","2","3","24683230","3805.59375","3E-05","0.995411","True","40.6786145","2026-09-28T12:21:51.5600436Z","19.151648","True"
"512","1","3","21118932","3994.816895","6.3E-05","1.005898","True","40.7457559","2026-09-28T12:21:51.6278401Z","19.151648","True"
"512","2","3","24687930","3414.571045","2.4E-05","0.995484","True","40.7457559","2026-09-28T12:21:51.6278401Z","19.151648","True"
"513","1","3","21118120","3992.669189","6.4E-05","1.00081","True","40.8038975","2026-09-28T12:21:51.6862520Z","19.151648","True"
"513","2","3","24691726","3844.339355","3E-05","1.002381","True","40.8038975","2026-09-28T12:21:51.6862520Z","19.151648","True"
"514","1","3","21121140","1372.22583","8E-06","0.995239","True","40.8679592","2026-09-28T12:21:51.7442572Z","19.151648","True"
"514","2","3","24686226","2067.883057","9E-06","0.998318","True","40.8679592","2026-09-28T12:21:51.7442572Z","19.151648","True"
"517","1","3","21119786","2642.183594","2.8E-05","1.003573","True","40.9934726","2026-09-28T12:21:51.8754508Z","19.151648","True"
"517","2","3","24691778","1132.202271","3E-06","1.000394","True","40.9934726","2026-09-28T12:21:51.8754508Z","19.151648","True"
"518","1","3","21118924","2171.034668","1.9E-05","0.998837","True","41.0574318","2026-09-28T12:21:51.9393568Z","19.151648","True"
"518","2","3","24688724","5908.764648","7.1E-05","1.001553","True","41.0574318","2026-09-28T12:21:51.9393568Z","19.151648","True"
"519","1","3","21119118","4432.910645","7.9E-05","0.995795","True","41.1200131","2026-09-28T12:21:51.9975632Z","19.151648","True"
"519","2","3","24685958","2385.103271","1.2E-05","0.998474","True","41.1200131","2026-09-28T12:21:51.9975632Z","19.151648","True"
"521","1","3","21118464","3118.994385","3.9E-05","1.003469","True","41.2411109","2026-09-28T12:21:52.1233928Z","19.151648","True"
"521","2","3","24685336","3241.300537","2.2E-05","0.994502","True","41.2411109","2026-09-28T12:21:52.1233928Z","19.151648","True"
"523","1","3","21122594","2868.142334","3.3E-05","0.996293","True","41.3094731","2026-09-28T12:21:52.1916255Z","19.151648","True"
"523","2","3","24684904","4265.000977","3.7E-05","0.996274","True","41.3094731","2026-09-28T12:21:52.1916255Z","19.151648","True"
"524","1","3","21118542","4506.946289","8.1E-05","1.003138","True","41.3741853","2026-09-28T12:21:52.2557294Z","19.151648","True"
"524","2","3","24688848","1773.988892","6E-06","0.99806","True","41.3741853","2026-09-28T12:21:52.2557294Z","19.151648","True"
"525","1","3","21118622","2997.982422","3.5E-05","1.009502","True","41.4383031","2026-09-28T12:21:52.3145173Z","19.151648","True"
"525","2","3","24682462","2544.368652","1.3E-05","0.993146","True","41.4383031","2026-09-28T12:21:52.3145173Z","19.151648","True"
"528","1","3","21121252","3319.516113","4.5E-05","0.995737","True","41.5636108","2026-09-28T12:21:52.4428990Z","19.151648","True"
"528","2","3","24685360","3061.132324","1.9E-05","1.000147","True","41.5636108","2026-09-28T12:21:52.4428990Z","19.151648","True"
"529","1","3","21117522","5635.101562","0.000125","1.00925","True","41.6278608","2026-09-28T12:21:52.5101040Z","19.151648","True"
"529","2","3","24683698","4842.878906","4.8E-05","0.9924","True","41.6278608","2026-09-28T12:21:52.5101040Z","19.151648","True"
"530","1","3","21117820","2275.800049","2E-05","1.00726","True","41.6904561","2026-09-28T12:21:52.5727352Z","19.151648","True"
"530","2","3","24685382","2803.34082","1.6E-05","0.99851","True","41.6904561","2026-09-28T12:21:52.5727352Z","19.151648","True"
"531","1","3","21118980","3662.113525","5.3E-05","1.004075","True","41.7548436","2026-09-28T12:21:52.6296838Z","19.148918","True"
"531","2","3","24694330","2847.550781","1.7E-05","0.999166","True","41.7548436","2026-09-28T12:21:52.6296838Z","19.148918","True"
"534","1","3","21119294","2314.14502","2.1E-05","1.012628","True","41.8796552","2026-09-28T12:21:52.7597390Z","19.148918","True"
"534","2","3","24681706","3038.64209","1.9E-05","0.991418","True","41.8796552","2026-09-28T12:21:52.7597390Z","19.148918","True"
"535","1","3","21118444","2962.696533","3.5E-05","1.00496","True","41.9425106","2026-09-28T12:21:52.8250172Z","19.148918","True"
"535","2","3","24692292","1755.419067","6E-06","0.999289","True","41.9425106","2026-09-28T12:21:52.8250172Z","19.148918","True"
"536","1","3","21119100","2749.562012","3E-05","0.999821","True","42.0066326","2026-09-28T12:21:52.8820787Z","19.148918","True"
"536","2","3","24690672","5654.871582","6.5E-05","1.001894","True","42.0066326","2026-09-28T12:21:52.8820787Z","19.148918","True"
"537","1","3","21120894","3440.000732","4.8E-05","0.994086","True","42.0691257","2026-09-28T12:21:52.9452665Z","19.148918","True"
"537","2","3","24686738","1765.959351","6E-06","1.001118","True","42.0691257","2026-09-28T12:21:52.9452665Z","19.148918","True"
"540","1","3","21118212","2479.256104","2.4E-05","1.005071","True","42.1961375","2026-09-28T12:21:53.0759114Z","19.148918","True"
"540","2","3","24693764","1679.609863","6E-06","1.00096","True","42.1961375","2026-09-28T12:21:53.0759114Z","19.148918","True"
"541","1","3","21120800","2938.314453","3.5E-05","0.995107","True","42.2597917","2026-09-28T12:21:53.1415989Z","19.148918","True"
"541","2","3","24685014","3617.967529","2.7E-05","0.997593","True","42.2597917","2026-09-28T12:21:53.1415989Z","19.148918","True"
"542","1","3","21117934","4094.190186","6.7E-05","1.004069","True","42.3293622","2026-09-28T12:21:53.2102882Z","19.148918","True"
"542","2","3","24684662","4167.677246","3.6E-05","0.995166","True","42.3293622","2026-09-28T12:21:53.2102882Z","19.148918","True"
"545","1","3","21122004","1689.502197","1.2E-05","0.99655","True","42.4500188","2026-09-28T12:21:53.3299766Z","19.148918","True"
"545","2","3","24686340","2310.459961","1.1E-05","0.997986","True","42.4500188","2026-09-28T12:21:53.3299766Z","19.148918","True"
"546","1","3","21119152","3647.98291","5.3E-05","1.000767","True","42.5126371","2026-09-28T12:21:53.3939932Z","19.148918","True"
"546","2","3","24686828","1631.981323","5E-06","0.997256","True","42.5126371","2026-09-28T12:21:53.3939932Z","19.148918","True"
"547","1","3","21117842","4500.926758","8E-05","1.009187","True","42.575566","2026-09-28T12:21:53.4575427Z","19.148918","True"
"547","2","3","24682614","2633.81665","1.4E-05","0.992163","True","42.575566","2026-09-28T12:21:53.4575427Z","19.148918","True"
"548","1","3","21118936","3231.209717","4.1E-05","1.006525","True","42.6394321","2026-09-28T12:21:53.5155532Z","19.148918","True"
"548","2","3","24690736","1385.766846","4E-06","0.998555","True","42.6394321","2026-09-28T12:21:53.5155532Z","19.148918","True"
"551","1","3","21120456","3074.761963","3.7E-05","1.006903","True","42.7666103","2026-09-28T12:21:53.6485413Z","19.136303","True"
"551","2","3","24686256","4693.453613","4.5E-05","0.997789","True","42.7666103","2026-09-28T12:21:53.6485413Z","19.136303","True"
"552","1","3","21118518","3661.622803","5.3E-05","1.002479","True","42.8337293","2026-09-28T12:21:53.7100668Z","19.136303","True"
"552","2","3","24686498","1212.074219","3E-06","0.995141","True","42.8337293","2026-09-28T12:21:53.7100668Z","19.136303","True"
"553","1","3","21118122","3712.409668","5.5E-05","1.002288","True","42.8934099","2026-09-28T12:21:53.7759338Z","19.136303","True"
"553","2","3","24692990","1250.469727","3E-06","0.999365","True","42.8934099","2026-09-28T12:21:53.7759338Z","19.136303","True"
"554","1","3","21120040","3277.404785","4.4E-05","0.994978","True","42.9559262","2026-09-28T12:21:53.8322351Z","19.136303","True"
"554","2","3","24685516","3518.813965","2.5E-05","0.996782","True","42.9559262","2026-09-28T12:21:53.8322351Z","19.136303","True"
"557","1","3","21119914","3302.10791","4.3E-05","1.005053","True","43.0829625","2026-09-28T12:21:53.9598800Z","19.136303","True"
"557","2","3","24693254","291.067047","0","1.001832","True","43.0829625","2026-09-28T12:21:53.9598800Z","19.136303","True"
"558","1","3","21119674","907.972961","3E-06","0.998523","True","43.145291","2026-09-28T12:21:54.0274130Z","19.136303","True"
"558","2","3","24688080","4391.645508","3.9E-05","0.998608","True","43.145291","2026-09-28T12:21:54.0274130Z","19.136303","True"
"559","1","3","21119980","4046.9021","6.6E-05","0.996463","True","43.2098557","2026-09-28T12:21:54.0915285Z","19.136303","True"
"559","2","3","24685586","2093.199219","9E-06","0.999671","True","43.2098557","2026-09-28T12:21:54.0915285Z","19.136303","True"
"561","1","3","21119282","2950.859619","3.5E-05","1.004367","True","43.3290075","2026-09-28T12:21:54.2111964Z","19.136303","True"
"561","2","3","24684176","2852.508057","1.7E-05","0.994535","True","43.3290075","2026-09-28T12:21:54.2111964Z","19.136303","True"
"563","1","3","21118852","1614.749634","1E-05","0.997819","True","43.3992279","2026-09-28T12:21:54.2760489Z","19.136303","True"
"563","2","3","24686460","2136.895264","9E-06","1.000069","True","43.3992279","2026-09-28T12:21:54.2760489Z","19.136303","True"
"564","1","3","21119900","3880.848145","6E-05","1.003291","True","43.4617935","2026-09-28T12:21:54.3441442Z","19.136303","True"
"564","2","3","24687312","1827.250977","7E-06","1.000607","True","43.4617935","2026-09-28T12:21:54.3441442Z","19.136303","True"
"565","1","3","21118110","2085.548096","1.7E-05","1.009404","True","43.5242813","2026-09-28T12:21:54.4062955Z","19.136303","True"
"565","2","3","24681846","4063.265869","3.4E-05","0.992664","True","43.5242813","2026-09-28T12:21:54.4062955Z","19.136303","True"
"568","1","3","21121040","2754.253906","3.1E-05","0.995736","True","43.6512555","2026-09-28T12:21:54.5286479Z","19.136303","True"
"568","2","3","24686428","3699.742432","2.8E-05","0.998572","True","43.6512555","2026-09-28T12:21:54.5286479Z","19.136303","True"
"569","1","3","21118390","4542.44873","8.2E-05","1.006626","True","43.7139083","2026-09-28T12:21:54.5925538Z","19.136303","True"
"569","2","3","24685626","3816.45874","3E-05","0.997454","True","43.7139083","2026-09-28T12:21:54.5925538Z","19.136303","True"
"570","1","3","21118272","2135.911621","1.8E-05","1.008232","True","43.7782022","2026-09-28T12:21:54.6598741Z","19.136303","True"
"570","2","3","24682794","2178.775391","1E-05","0.992148","True","43.7782022","2026-09-28T12:21:54.6598741Z","19.136303","True"
"571","1","3","21118468","3172.933594","4E-05","1.004576","True","43.8452632","2026-09-28T12:21:54.7277181Z","19.146839","True"
"571","2","3","24693740","1547.232056","5E-06","1.002965","True","43.8452632","2026-09-28T12:21:54.7277181Z","19.146839","True"
"574","1","3","21119098","3889.017334","5.9E-05","1.009912","True","43.9677142","2026-09-28T12:21:54.8484136Z","19.146839","True"
"574","2","3","24682168","4868.882812","4.9E-05","0.996151","True","43.9677142","2026-09-28T12:21:54.8484136Z","19.146839","True"
"575","1","3","21119354","2737.095459","3E-05","1.005335","True","44.0301804","2026-09-28T12:21:54.9097554Z","19.146839","True"
"575","2","3","24686778","1833.841553","7E-06","0.99535","True","44.0301804","2026-09-28T12:21:54.9097554Z","19.146839","True"
"576","1","3","21117824","2796.40918","3.1E-05","1.007179","True","44.0929974","2026-09-28T12:21:54.9751277Z","19.146839","True"
"576","2","3","24694574","3216","2.1E-05","1.000684","True","44.0929974","2026-09-28T12:21:54.9751277Z","19.146839","True"
"577","1","3","21121304","3035.520752","3.7E-05","0.995593","True","44.1571549","2026-09-28T12:21:55.0394523Z","19.146839","True"
"577","2","3","24685338","3580.118652","2.6E-05","0.998014","True","44.1571549","2026-09-28T12:21:55.0394523Z","19.146839","True"
"580","1","3","21119662","4430.943848","7.8E-05","1.005287","True","44.2837559","2026-09-28T12:21:55.1622212Z","19.146839","True"
"580","2","3","24693494","886.998474","2E-06","1.000684","True","44.2837559","2026-09-28T12:21:55.1622212Z","19.146839","True"
"581","1","3","21117790","1456.550781","9E-06","0.99862","True","44.3485346","2026-09-28T12:21:55.2307276Z","19.146839","True"
"581","2","3","24685572","2778.274658","1.6E-05","0.996941","True","44.3485346","2026-09-28T12:21:55.2307276Z","19.146839","True"
"582","1","3","21121472","5103.95166","0.000104","1.000412","True","44.4174066","2026-09-28T12:21:55.2939244Z","19.146839","True"
"582","2","3","24687124","2633.978027","1.4E-05","0.998447","True","44.4174066","2026-09-28T12:21:55.2939244Z","19.146839","True"
"583","1","3","21116450","1451.108276","8E-06","1.004768","True","44.4734929","2026-09-28T12:21:55.3507344Z","19.146839","True"
"583","2","3","24681476","2880.683594","1.7E-05","0.992036","True","44.4734929","2026-09-28T12:21:55.3507344Z","19.146839","True"
"586","1","3","21121310","3927.181885","6.1E-05","1.003311","True","44.6005191","2026-09-28T12:21:55.4829605Z","19.146839","True"
"586","2","3","24685866","1000.087341","2E-06","0.998682","True","44.6005191","2026-09-28T12:21:55.4829605Z","19.146839","True"
"587","1","3","21117256","2396.116699","2.3E-05","1.008805","True","44.6630235","2026-09-28T12:21:55.5446305Z","19.146839","True"
"587","2","3","24685580","3991.624023","3.3E-05","0.995675","True","44.6630235","2026-09-28T12:21:55.5446305Z","19.146839","True"
"588","1","3","21116960","3578.021484","5.1E-05","1.002789","True","44.7255243","2026-09-28T12:21:55.6074849Z","19.146839","True"
"588","2","3","24685800","3051.011719","1.9E-05","0.990843","True","44.7255243","2026-09-28T12:21:55.6074849Z","19.146839","True"
"590","1","3","21121200","4990.25293","0.000101","0.994562","True","44.8509896","2026-09-28T12:21:55.7333117Z","19.146839","True"
"590","2","3","24683650","3665.831299","2.7E-05","0.997619","True","44.8509896","2026-09-28T12:21:55.7333117Z","19.146839","True"
"592","1","3","21116888","1635.984253","1.1E-05","1.006744","True","44.9214168","2026-09-28T12:21:55.8039327Z","19.125946","True"
"592","2","3","24681778","1356.947144","4E-06","0.992523","True","44.9214168","2026-09-28T12:21:55.8039327Z","19.125946","True"
"593","1","3","21119616","3899.034668","6.1E-05","1.002516","True","44.9794742","2026-09-28T12:21:55.8612707Z","19.125946","True"
"593","2","3","24691726","1376.111206","4E-06","1.001087","True","44.9794742","2026-09-28T12:21:55.8612707Z","19.125946","True"
"594","1","3","21118090","1693.271484","1.2E-05","0.999168","True","45.041914","2026-09-28T12:21:55.9243253Z","19.125946","True"
"594","2","3","24686358","1460.782471","4E-06","0.99569","True","45.041914","2026-09-28T12:21:55.9243253Z","19.125946","True"
"597","1","3","21119748","4013.447998","6.4E-05","1.007676","True","45.169017","2026-09-28T12:21:56.0453239Z","19.125946","True"
"597","2","3","24685808","1992.826294","8E-06","0.995632","True","45.169017","2026-09-28T12:21:56.0453239Z","19.125946","True"
"598","1","3","21119848","4201.541504","7E-05","1.004615","True","45.2312992","2026-09-28T12:21:56.1101506Z","19.125946","True"
"598","2","3","24693100","1752.043823","6E-06","0.999493","True","45.2312992","2026-09-28T12:21:56.1101506Z","19.125946","True"
"599","1","3","21118754","1504.427856","9E-06","0.996619","True","45.2955989","2026-09-28T12:21:56.1759632Z","19.125946","True"
"599","2","3","24685734","2069.581299","9E-06","0.995513","True","45.2955989","2026-09-28T12:21:56.1759632Z","19.125946","True"
"600","1","3","21121122","4714.392578","8.9E-05","1.003361","True","45.3582876","2026-09-28T12:21:56.2398377Z","19.125946","True"
"600","2","3","24687016","2149.097412","9E-06","0.99728","True","45.3582876","2026-09-28T12:21:56.2398377Z","19.125946","True"
"603","1","3","21119196","3853.439941","5.9E-05","1.007869","True","45.4852479","2026-09-28T12:21:56.3619619Z","19.125946","True"
"603","2","3","24690266","5923.260742","7.1E-05","1.002021","True","45.4852479","2026-09-28T12:21:56.3619619Z","19.125946","True"
"604","1","3","21120666","2531.049805","2.6E-05","0.994285","True","45.5485565","2026-09-28T12:21:56.4303422Z","19.125946","True"
"604","2","3","24687312","1132.075684","3E-06","0.998183","True","45.5485565","2026-09-28T12:21:56.4303422Z","19.125946","True"
"605","1","3","21118896","4219.22168","7.1E-05","1.005487","True","45.6103561","2026-09-28T12:21:56.4927268Z","19.125946","True"
"605","2","3","24685426","6247.98291","8E-05","0.998071","True","45.6103561","2026-09-28T12:21:56.4927268Z","19.125946","True"
"607","1","3","21118236","4073.536377","6.6E-05","1.005528","True","45.7313317","2026-09-28T12:21:56.6134390Z","19.125946","True"
"607","2","3","24693490","1625.11731","5E-06","1.00063","True","45.7313317","2026-09-28T12:21:56.6134390Z","19.125946","True"
"609","1","3","21121282","3870.550781","6E-05","1.002061","True","45.7999161","2026-09-28T12:21:56.6781360Z","19.125946","True"
"609","2","3","24687228","1154.849854","3E-06","0.997349","True","45.7999161","2026-09-28T12:21:56.6781360Z","19.125946","True"
"610","1","3","21117036","2628.179932","2.7E-05","1.008685","True","45.8644128","2026-09-28T12:21:56.7427827Z","19.125946","True"
"610","2","3","24682038","4095.896973","3.5E-05","0.993484","True","45.8644128","2026-09-28T12:21:56.7427827Z","19.125946","True"
"611","1","3","21120768","3514.626221","4.9E-05","1.001605","True","45.9297625","2026-09-28T12:21:56.8093580Z","19.158209","True"
"611","2","3","24688840","681.832153","0","0.996228","True","45.9297625","2026-09-28T12:21:56.8093580Z","19.158209","True"
"613","1","3","21121828","1999.851562","1.6E-05","0.993444","True","46.0465715","2026-09-28T12:21:56.9285450Z","19.158209","True"
"613","2","3","24684618","3911.254395","3.1E-05","0.9993","True","46.0465715","2026-09-28T12:21:56.9285450Z","19.158209","True"
"614","1","3","21119170","4132.545898","6.7E-05","1.007539","True","46.1108224","2026-09-28T12:21:56.9929548Z","19.158209","True"
"614","2","3","24685662","2117.883057","9E-06","0.996358","True","46.1108224","2026-09-28T12:21:56.9929548Z","19.158209","True"
